image_id,model,path,dataset,source,group_id,label,generator,mask_path,split,variant,label_review,sha256,parent_image_id,parent_sha256,parent_split,condition
trufor_columbia_canong3_02_sub_01__screen_photo_crop,trufor,data\robustness\screen_photo_crop\trufor_columbia_canong3_02_sub_01.png,Columbia,https://www.ee.columbia.edu/ln/dvmm/downloads/authsplcuncmp/,columbia_exposed_connected_scenes,0,,,exploratory,screen_photo_crop,verified,244c501d966e3fea648322ec58413791145b66b776add8990aa277bb4a764fc2,trufor_columbia_canong3_02_sub_01,f382323766c6a7b1d281fb8b9dd83e77601311e9e3cfee19b6bc6de0246e8007,tune,"{""canvas"": [720, 1280], ""format"": ""PNG"", ""image_filter"": ""LANCZOS"", ""mask_filter"": ""NEAREST"", ""photo_box"": [40, 370, 680, 850], ""photo_region_selection"": ""known rendering box, no automatic detector"", ""synthetic_screen"": true}"
trufor_columbia_canonxt_02_sub_01__screen_photo_crop,trufor,data\robustness\screen_photo_crop\trufor_columbia_canonxt_02_sub_01.png,Columbia,https://www.ee.columbia.edu/ln/dvmm/downloads/authsplcuncmp/,columbia_exposed_connected_scenes,0,,,exploratory,screen_photo_crop,verified,1613a3a79188202d373b86ba1649b1af8044e19b4f16eab6f216f9b05515f044,trufor_columbia_canonxt_02_sub_01,6f8d2a83310eadb5cb3530fca039e4ad2b3a0619bb66d8b1232aa2b5d7e892f6,tune,"{""canvas"": [720, 1280], ""format"": ""PNG"", ""image_filter"": ""LANCZOS"", ""mask_filter"": ""NEAREST"", ""photo_box"": [40, 396, 680, 823], ""photo_region_selection"": ""known rendering box, no automatic detector"", ""synthetic_screen"": true}"
trufor_columbia_kodakdcs330_01_sub_01__screen_photo_crop,trufor,data\robustness\screen_photo_crop\trufor_columbia_kodakdcs330_01_sub_01.png,Columbia,https://www.ee.columbia.edu/ln/dvmm/downloads/authsplcuncmp/,columbia_exposed_connected_scenes,0,,,exploratory,screen_photo_crop,verified,36db8b15dd8ed9ebc4c81c0600f0e22fa7fec214a4d026497170c80802c837bb,trufor_columbia_kodakdcs330_01_sub_01,76aa55e3305fa538beb7256c436c36d76375b92b388fb3a9a99693c4c107da12,tune,"{""canvas"": [720, 1280], ""format"": ""PNG"", ""image_filter"": ""LANCZOS"", ""mask_filter"": ""NEAREST"", ""photo_box"": [40, 342, 680, 877], ""photo_region_selection"": ""known rendering box, no automatic detector"", ""synthetic_screen"": true}"
trufor_columbia_nikond70_02_sub_01__screen_photo_crop,trufor,data\robustness\screen_photo_crop\trufor_columbia_nikond70_02_sub_01.png,Columbia,https://www.ee.columbia.edu/ln/dvmm/downloads/authsplcuncmp/,columbia_exposed_connected_scenes,0,,,exploratory,screen_photo_crop,verified,b8df96b9344696c9537796be07a473a2c7cb4549933761f3480c842ffd2452fd,trufor_columbia_nikond70_02_sub_01,876ae5d71e941472b1fc86240178f2cfa8e7787c3609dc7815fd9d48ec55bf84,tune,"{""canvas"": [720, 1280], ""format"": ""PNG"", ""image_filter"": ""LANCZOS"", ""mask_filter"": ""NEAREST"", ""photo_box"": [40, 397, 680, 822], ""photo_region_selection"": ""known rendering box, no automatic detector"", ""synthetic_screen"": true}"
trufor_columbia_canong3_02_sub_02__screen_photo_crop,trufor,data\robustness\screen_photo_crop\trufor_columbia_canong3_02_sub_02.png,Columbia,https://www.ee.columbia.edu/ln/dvmm/downloads/authsplcuncmp/,columbia_exposed_connected_scenes,0,,,exploratory,screen_photo_crop,verified,c6709897e6497d0be9098884b5bb4e32f999d698225d5e7d1c4559bc3d8d273d,trufor_columbia_canong3_02_sub_02,5c4455dc3646e067421cab43c5f22bd26ba2673e5106d22fc1c7360e6ad0c7eb,tune,"{""canvas"": [720, 1280], ""format"": ""PNG"", ""image_filter"": ""LANCZOS"", ""mask_filter"": ""NEAREST"", ""photo_box"": [40, 370, 680, 850], ""photo_region_selection"": ""known rendering box, no automatic detector"", ""synthetic_screen"": true}"
trufor_columbia_canonxt_02_sub_02__screen_photo_crop,trufor,data\robustness\screen_photo_crop\trufor_columbia_canonxt_02_sub_02.png,Columbia,https://www.ee.columbia.edu/ln/dvmm/downloads/authsplcuncmp/,columbia_exposed_connected_scenes,0,,,exploratory,screen_photo_crop,verified,246106e8ec02db0766ac977d1b2455e36e2a9d1b2b351fe6d8fb03d93ba17015,trufor_columbia_canonxt_02_sub_02,83a5d25728643b114a2e01df347ed995d05837c08f0531c6381ef6889e538384,tune,"{""canvas"": [720, 1280], ""format"": ""PNG"", ""image_filter"": ""LANCZOS"", ""mask_filter"": ""NEAREST"", ""photo_box"": [40, 396, 680, 823], ""photo_region_selection"": ""known rendering box, no automatic detector"", ""synthetic_screen"": true}"
trufor_columbia_kodakdcs330_02_sub_01__screen_photo_crop,trufor,data\robustness\screen_photo_crop\trufor_columbia_kodakdcs330_02_sub_01.png,Columbia,https://www.ee.columbia.edu/ln/dvmm/downloads/authsplcuncmp/,columbia_exposed_connected_scenes,0,,,exploratory,screen_photo_crop,verified,16e6c041603e734ce700ee78ae4a0416706d8fa1e25d46782dcecec543f37f36,trufor_columbia_kodakdcs330_02_sub_01,e698f669069697a8a83b9a3ad7632c29c660d6f3db4b9d56e5b0c1d15fc700a1,tune,"{""canvas"": [720, 1280], ""format"": ""PNG"", ""image_filter"": ""LANCZOS"", ""mask_filter"": ""NEAREST"", ""photo_box"": [40, 335, 680, 884], ""photo_region_selection"": ""known rendering box, no automatic detector"", ""synthetic_screen"": true}"
trufor_columbia_nikond70_02_sub_02__screen_photo_crop,trufor,data\robustness\screen_photo_crop\trufor_columbia_nikond70_02_sub_02.png,Columbia,https://www.ee.columbia.edu/ln/dvmm/downloads/authsplcuncmp/,columbia_exposed_connected_scenes,0,,,exploratory,screen_photo_crop,verified,82edb45373797bafb87548c773d9f1de30bc901989b70f274c3e9ee78851124e,trufor_columbia_nikond70_02_sub_02,520e34712d7463b6224e6e00559fa41200e8105324b6677accc2ac60b35698f5,tune,"{""canvas"": [720, 1280], ""format"": ""PNG"", ""image_filter"": ""LANCZOS"", ""mask_filter"": ""NEAREST"", ""photo_box"": [40, 397, 680, 822], ""photo_region_selection"": ""known rendering box, no automatic detector"", ""synthetic_screen"": true}"
trufor_columbia_canong3_02_sub_03__screen_photo_crop,trufor,data\robustness\screen_photo_crop\trufor_columbia_canong3_02_sub_03.png,Columbia,https://www.ee.columbia.edu/ln/dvmm/downloads/authsplcuncmp/,columbia_exposed_connected_scenes,0,,,exploratory,screen_photo_crop,verified,18d932a9cb2955c995915c45fcd3af58dbe9f01dfd38ecf76e45bcac5e342717,trufor_columbia_canong3_02_sub_03,137688c3dc4831d3a4145dcfd3c605ab255dfa86c187e5165f401c79b1cf5453,tune,"{""canvas"": [720, 1280], ""format"": ""PNG"", ""image_filter"": ""LANCZOS"", ""mask_filter"": ""NEAREST"", ""photo_box"": [40, 370, 680, 850], ""photo_region_selection"": ""known rendering box, no automatic detector"", ""synthetic_screen"": true}"
trufor_columbia_canonxt_02_sub_03__screen_photo_crop,trufor,data\robustness\screen_photo_crop\trufor_columbia_canonxt_02_sub_03.png,Columbia,https://www.ee.columbia.edu/ln/dvmm/downloads/authsplcuncmp/,columbia_exposed_connected_scenes,0,,,exploratory,screen_photo_crop,verified,4e9a79a6f8a58d99c59c4dae85e7be94dc231135e3c1ccdd900a03e47cb3f74f,trufor_columbia_canonxt_02_sub_03,38b62ef8926d9cde68144e7d6b5dc2c2380779be7474babcc070543ef782caef,tune,"{""canvas"": [720, 1280], ""format"": ""PNG"", ""image_filter"": ""LANCZOS"", ""mask_filter"": ""NEAREST"", ""photo_box"": [40, 396, 680, 823], ""photo_region_selection"": ""known rendering box, no automatic detector"", ""synthetic_screen"": true}"
trufor_columbia_kodakdcs330_03_sub_01__screen_photo_crop,trufor,data\robustness\screen_photo_crop\trufor_columbia_kodakdcs330_03_sub_01.png,Columbia,https://www.ee.columbia.edu/ln/dvmm/downloads/authsplcuncmp/,columbia_exposed_connected_scenes,0,,,exploratory,screen_photo_crop,verified,1c91452ee5ea03b9dcccf9fb6451b3565da9d91b2003be3be4b4f7180c1f3cd2,trufor_columbia_kodakdcs330_03_sub_01,08e52874c4c0af0dc020d44cd236c788e9776a3511c52c4f367d32b75d97988b,tune,"{""canvas"": [720, 1280], ""format"": ""PNG"", ""image_filter"": ""LANCZOS"", ""mask_filter"": ""NEAREST"", ""photo_box"": [40, 349, 680, 871], ""photo_region_selection"": ""known rendering box, no automatic detector"", ""synthetic_screen"": true}"
trufor_columbia_nikond70_02_sub_03__screen_photo_crop,trufor,data\robustness\screen_photo_crop\trufor_columbia_nikond70_02_sub_03.png,Columbia,https://www.ee.columbia.edu/ln/dvmm/downloads/authsplcuncmp/,columbia_exposed_connected_scenes,0,,,exploratory,screen_photo_crop,verified,c2018c4b5ae702ccfc1e3457a2c9723bd84bfe5e9e27bd02b57f61384bb3ebe6,trufor_columbia_nikond70_02_sub_03,fefe8ef7584c7b02e80c32397927c40b1ba7d0c4fa26b2163915f6abf5a70875,tune,"{""canvas"": [720, 1280], ""format"": ""PNG"", ""image_filter"": ""LANCZOS"", ""mask_filter"": ""NEAREST"", ""photo_box"": [40, 397, 680, 822], ""photo_region_selection"": ""known rendering box, no automatic detector"", ""synthetic_screen"": true}"
trufor_columbia_canong3_02_sub_04__screen_photo_crop,trufor,data\robustness\screen_photo_crop\trufor_columbia_canong3_02_sub_04.png,Columbia,https://www.ee.columbia.edu/ln/dvmm/downloads/authsplcuncmp/,columbia_exposed_connected_scenes,0,,,exploratory,screen_photo_crop,verified,abf92d1efa5e88ba04b7fbfef7bdb768c5b6e12053684e0e7b65a21bb4cefa8d,trufor_columbia_canong3_02_sub_04,4b6de7f4d7329f147ddbbb6fed7a5ae9282f3e804adc3bfbe3c733fc4a2ed515,tune,"{""canvas"": [720, 1280], ""format"": ""PNG"", ""image_filter"": ""LANCZOS"", ""mask_filter"": ""NEAREST"", ""photo_box"": [40, 370, 680, 850], ""photo_region_selection"": ""known rendering box, no automatic detector"", ""synthetic_screen"": true}"
trufor_columbia_canonxt_02_sub_04__screen_photo_crop,trufor,data\robustness\screen_photo_crop\trufor_columbia_canonxt_02_sub_04.png,Columbia,https://www.ee.columbia.edu/ln/dvmm/downloads/authsplcuncmp/,columbia_exposed_connected_scenes,0,,,exploratory,screen_photo_crop,verified,4913c42fb8ce2afa183483defad9377700a16ed1f6f2b0430a7caebbe7eac353,trufor_columbia_canonxt_02_sub_04,c878b250945cba48bd80d1af703cace8744df549493f602b79def4e3aef6f9fc,tune,"{""canvas"": [720, 1280], ""format"": ""PNG"", ""image_filter"": ""LANCZOS"", ""mask_filter"": ""NEAREST"", ""photo_box"": [40, 396, 680, 823], ""photo_region_selection"": ""known rendering box, no automatic detector"", ""synthetic_screen"": true}"
trufor_columbia_nikond70_02_sub_04__screen_photo_crop,trufor,data\robustness\screen_photo_crop\trufor_columbia_nikond70_02_sub_04.png,Columbia,https://www.ee.columbia.edu/ln/dvmm/downloads/authsplcuncmp/,columbia_exposed_connected_scenes,0,,,exploratory,screen_photo_crop,verified,e2def3b60fa4ac9cd76e16b793e46ecddc6753f30fd46307e6b87a693a5bd37f,trufor_columbia_nikond70_02_sub_04,17f1ee829f3593bb431516733ad7bae1af9ca33699020a14acdb6f012c9fd984,tune,"{""canvas"": [720, 1280], ""format"": ""PNG"", ""image_filter"": ""LANCZOS"", ""mask_filter"": ""NEAREST"", ""photo_box"": [40, 397, 680, 822], ""photo_region_selection"": ""known rendering box, no automatic detector"", ""synthetic_screen"": true}"
trufor_columbia_canong3_02_sub_05__screen_photo_crop,trufor,data\robustness\screen_photo_crop\trufor_columbia_canong3_02_sub_05.png,Columbia,https://www.ee.columbia.edu/ln/dvmm/downloads/authsplcuncmp/,columbia_exposed_connected_scenes,0,,,exploratory,screen_photo_crop,verified,241df470f87fb261a12e69a4a90eea4f3fd032709cf276a7a411d8e6e8a8e6ba,trufor_columbia_canong3_02_sub_05,d699efc94ffc09ea00c5549d4176d0091d9a57595282e00d1b18b2bd19cbea4a,tune,"{""canvas"": [720, 1280], ""format"": ""PNG"", ""image_filter"": ""LANCZOS"", ""mask_filter"": ""NEAREST"", ""photo_box"": [40, 370, 680, 850], ""photo_region_selection"": ""known rendering box, no automatic detector"", ""synthetic_screen"": true}"
trufor_columbia_canonxt_02_sub_05__screen_photo_crop,trufor,data\robustness\screen_photo_crop\trufor_columbia_canonxt_02_sub_05.png,Columbia,https://www.ee.columbia.edu/ln/dvmm/downloads/authsplcuncmp/,columbia_exposed_connected_scenes,0,,,exploratory,screen_photo_crop,verified,b82396b783f19765cac073a93d4336df5276bbe0439a26ba0ca8291ef6558bcf,trufor_columbia_canonxt_02_sub_05,36325c1708c845c464cd71ded4a1741e7ee56676fb84187752fb1e4cfcce1dfa,tune,"{""canvas"": [720, 1280], ""format"": ""PNG"", ""image_filter"": ""LANCZOS"", ""mask_filter"": ""NEAREST"", ""photo_box"": [40, 396, 680, 823], ""photo_region_selection"": ""known rendering box, no automatic detector"", ""synthetic_screen"": true}"
trufor_columbia_nikond70_02_sub_05__screen_photo_crop,trufor,data\robustness\screen_photo_crop\trufor_columbia_nikond70_02_sub_05.png,Columbia,https://www.ee.columbia.edu/ln/dvmm/downloads/authsplcuncmp/,columbia_exposed_connected_scenes,0,,,exploratory,screen_photo_crop,verified,4547395fba5c865c1ceb95b0d3ccfe28d6cc3a55135abbc2f05d3649d9b3ca47,trufor_columbia_nikond70_02_sub_05,482e36405976fc4027a970480516324b1e1b524c61a39b845a27ce10fa3207e5,tune,"{""canvas"": [720, 1280], ""format"": ""PNG"", ""image_filter"": ""LANCZOS"", ""mask_filter"": ""NEAREST"", ""photo_box"": [40, 397, 680, 822], ""photo_region_selection"": ""known rendering box, no automatic detector"", ""synthetic_screen"": true}"
trufor_columbia_canong3_02_sub_06__screen_photo_crop,trufor,data\robustness\screen_photo_crop\trufor_columbia_canong3_02_sub_06.png,Columbia,https://www.ee.columbia.edu/ln/dvmm/downloads/authsplcuncmp/,columbia_exposed_connected_scenes,0,,,exploratory,screen_photo_crop,verified,5416d571fc710b967ba532461f75f9164eedb66ae2ec9d648c39e19bb33a67aa,trufor_columbia_canong3_02_sub_06,a6398bc1e1947fbc03143323bd93389a66d3b91587b2528a362f7da36ff0bd64,tune,"{""canvas"": [720, 1280], ""format"": ""PNG"", ""image_filter"": ""LANCZOS"", ""mask_filter"": ""NEAREST"", ""photo_box"": [40, 370, 680, 850], ""photo_region_selection"": ""known rendering box, no automatic detector"", ""synthetic_screen"": true}"
trufor_columbia_canonxt_02_sub_06__screen_photo_crop,trufor,data\robustness\screen_photo_crop\trufor_columbia_canonxt_02_sub_06.png,Columbia,https://www.ee.columbia.edu/ln/dvmm/downloads/authsplcuncmp/,columbia_exposed_connected_scenes,0,,,exploratory,screen_photo_crop,verified,d1a761bfe387bfacf9b6570e9c80f15688121e74960a1b8b450f1382f2b78d56,trufor_columbia_canonxt_02_sub_06,f80abed13aff3c630f453815a6b76d3a2b34d2bd4c644e8b126949d9613133a5,tune,"{""canvas"": [720, 1280], ""format"": ""PNG"", ""image_filter"": ""LANCZOS"", ""mask_filter"": ""NEAREST"", ""photo_box"": [40, 396, 680, 823], ""photo_region_selection"": ""known rendering box, no automatic detector"", ""synthetic_screen"": true}"
trufor_columbia_canong3_canonxt_sub_01__screen_photo_crop,trufor,data\robustness\screen_photo_crop\trufor_columbia_canong3_canonxt_sub_01.png,Columbia,https://www.ee.columbia.edu/ln/dvmm/downloads/authsplcuncmp/,columbia_exposed_connected_scenes,1,,data\robustness_masks\screen_photo_crop\trufor_columbia_canong3_canonxt_sub_01.png,exploratory,screen_photo_crop,verified,22925c8467c9fc3081d79d0cc2e220f43d401215a7fac7d7d5c273c32afb2e59,trufor_columbia_canong3_canonxt_sub_01,9d2ea09f805ce4d062ea4f262f601b088eb16cf1832e0bd234b9c5e4c45cf226,tune,"{""canvas"": [720, 1280], ""format"": ""PNG"", ""image_filter"": ""LANCZOS"", ""mask_filter"": ""NEAREST"", ""photo_box"": [40, 370, 680, 850], ""photo_region_selection"": ""known rendering box, no automatic detector"", ""synthetic_screen"": true}"
trufor_columbia_canong3_kodakdcs330_sub_01__screen_photo_crop,trufor,data\robustness\screen_photo_crop\trufor_columbia_canong3_kodakdcs330_sub_01.png,Columbia,https://www.ee.columbia.edu/ln/dvmm/downloads/authsplcuncmp/,columbia_exposed_connected_scenes,1,,data\robustness_masks\screen_photo_crop\trufor_columbia_canong3_kodakdcs330_sub_01.png,exploratory,screen_photo_crop,verified,bee1747b1ede780946e8b5fdf59be83fea96b40a303853f132e6ee39394eff5d,trufor_columbia_canong3_kodakdcs330_sub_01,082bc3d7d246f08c99759929f605a1e9e7d3096dee717828e2df03d8ae21aa5b,tune,"{""canvas"": [720, 1280], ""format"": ""PNG"", ""image_filter"": ""LANCZOS"", ""mask_filter"": ""NEAREST"", ""photo_box"": [40, 370, 680, 850], ""photo_region_selection"": ""known rendering box, no automatic detector"", ""synthetic_screen"": true}"
trufor_columbia_canong3_nikond70_sub_01__screen_photo_crop,trufor,data\robustness\screen_photo_crop\trufor_columbia_canong3_nikond70_sub_01.png,Columbia,https://www.ee.columbia.edu/ln/dvmm/downloads/authsplcuncmp/,columbia_exposed_connected_scenes,1,,data\robustness_masks\screen_photo_crop\trufor_columbia_canong3_nikond70_sub_01.png,exploratory,screen_photo_crop,verified,48a201a43cc0bc641deb10a916e109dbe22a2e90a5224b4a92579a627d4ed5dc,trufor_columbia_canong3_nikond70_sub_01,869061ca8673b2d50bb5d76ef024653de9d67d2ae7282eb66b63a09e03f0bc0d,tune,"{""canvas"": [720, 1280], ""format"": ""PNG"", ""image_filter"": ""LANCZOS"", ""mask_filter"": ""NEAREST"", ""photo_box"": [40, 370, 680, 850], ""photo_region_selection"": ""known rendering box, no automatic detector"", ""synthetic_screen"": true}"
trufor_columbia_canonxt_kodakdcs330_sub_01__screen_photo_crop,trufor,data\robustness\screen_photo_crop\trufor_columbia_canonxt_kodakdcs330_sub_01.png,Columbia,https://www.ee.columbia.edu/ln/dvmm/downloads/authsplcuncmp/,columbia_exposed_connected_scenes,1,,data\robustness_masks\screen_photo_crop\trufor_columbia_canonxt_kodakdcs330_sub_01.png,exploratory,screen_photo_crop,verified,59d210bff26c4d62f63816c8caab5c13406ff4e33fec5092b8576e3b3a5e03a1,trufor_columbia_canonxt_kodakdcs330_sub_01,b9eb444c1acf7303c29c29c1fa37ac6052fd91a83212862fa6ffb5fabaa8e0b0,tune,"{""canvas"": [720, 1280], ""format"": ""PNG"", ""image_filter"": ""LANCZOS"", ""mask_filter"": ""NEAREST"", ""photo_box"": [40, 396, 680, 823], ""photo_region_selection"": ""known rendering box, no automatic detector"", ""synthetic_screen"": true}"
trufor_columbia_nikond70_canonxt_sub_01__screen_photo_crop,trufor,data\robustness\screen_photo_crop\trufor_columbia_nikond70_canonxt_sub_01.png,Columbia,https://www.ee.columbia.edu/ln/dvmm/downloads/authsplcuncmp/,columbia_exposed_connected_scenes,1,,data\robustness_masks\screen_photo_crop\trufor_columbia_nikond70_canonxt_sub_01.png,exploratory,screen_photo_crop,verified,2d464c8e1d1b4b533860049a2fc43c4a27bec2c0421ca053606d292eb1efddfa,trufor_columbia_nikond70_canonxt_sub_01,a2949d0ab1a1caca54bcd6b0d5b446223754db9e5057c74c59b9aca46f37c9f1,tune,"{""canvas"": [720, 1280], ""format"": ""PNG"", ""image_filter"": ""LANCZOS"", ""mask_filter"": ""NEAREST"", ""photo_box"": [40, 397, 680, 822], ""photo_region_selection"": ""known rendering box, no automatic detector"", ""synthetic_screen"": true}"
trufor_columbia_nikond70_kodakdcs330_sub_01__screen_photo_crop,trufor,data\robustness\screen_photo_crop\trufor_columbia_nikond70_kodakdcs330_sub_01.png,Columbia,https://www.ee.columbia.edu/ln/dvmm/downloads/authsplcuncmp/,columbia_exposed_connected_scenes,1,,data\robustness_masks\screen_photo_crop\trufor_columbia_nikond70_kodakdcs330_sub_01.png,exploratory,screen_photo_crop,verified,843931fac8e4df46a2285412ff9bb7ed10006d027cefbb52f4f33f6af86591aa,trufor_columbia_nikond70_kodakdcs330_sub_01,ca783d5bb38e496751d157b0b7ce6c1c090c500a9fdf487fc3594420255e07d7,tune,"{""canvas"": [720, 1280], ""format"": ""PNG"", ""image_filter"": ""LANCZOS"", ""mask_filter"": ""NEAREST"", ""photo_box"": [40, 397, 680, 822], ""photo_region_selection"": ""known rendering box, no automatic detector"", ""synthetic_screen"": true}"
trufor_columbia_canong3_canonxt_sub_02__screen_photo_crop,trufor,data\robustness\screen_photo_crop\trufor_columbia_canong3_canonxt_sub_02.png,Columbia,https://www.ee.columbia.edu/ln/dvmm/downloads/authsplcuncmp/,columbia_exposed_connected_scenes,1,,data\robustness_masks\screen_photo_crop\trufor_columbia_canong3_canonxt_sub_02.png,exploratory,screen_photo_crop,verified,b5178c2d7844eb506bbe2330b82fb15b42d635d2ca708819968aa8a979933969,trufor_columbia_canong3_canonxt_sub_02,dc54cdffb588e428750a807e64722b156a37649532fd7fb0e0d5d1273bcba609,tune,"{""canvas"": [720, 1280], ""format"": ""PNG"", ""image_filter"": ""LANCZOS"", ""mask_filter"": ""NEAREST"", ""photo_box"": [40, 370, 680, 850], ""photo_region_selection"": ""known rendering box, no automatic detector"", ""synthetic_screen"": true}"
trufor_columbia_canong3_kodakdcs330_sub_02__screen_photo_crop,trufor,data\robustness\screen_photo_crop\trufor_columbia_canong3_kodakdcs330_sub_02.png,Columbia,https://www.ee.columbia.edu/ln/dvmm/downloads/authsplcuncmp/,columbia_exposed_connected_scenes,1,,data\robustness_masks\screen_photo_crop\trufor_columbia_canong3_kodakdcs330_sub_02.png,exploratory,screen_photo_crop,verified,793a49d8825545867546918b2110a9e3b301c8e57a0b0575d3eb6c5a7c2ddd1a,trufor_columbia_canong3_kodakdcs330_sub_02,5882c7c6317b10b63ebe96f843b418a289efe918d9c84764576ba9e26d2dd97c,tune,"{""canvas"": [720, 1280], ""format"": ""PNG"", ""image_filter"": ""LANCZOS"", ""mask_filter"": ""NEAREST"", ""photo_box"": [40, 370, 680, 850], ""photo_region_selection"": ""known rendering box, no automatic detector"", ""synthetic_screen"": true}"
trufor_columbia_canong3_nikond70_sub_02__screen_photo_crop,trufor,data\robustness\screen_photo_crop\trufor_columbia_canong3_nikond70_sub_02.png,Columbia,https://www.ee.columbia.edu/ln/dvmm/downloads/authsplcuncmp/,columbia_exposed_connected_scenes,1,,data\robustness_masks\screen_photo_crop\trufor_columbia_canong3_nikond70_sub_02.png,exploratory,screen_photo_crop,verified,3b0f76165e9643e2e82a880424b41500b1f9e9b849697d7a2bcf8a66ac8c310a,trufor_columbia_canong3_nikond70_sub_02,6ab4171401a28b5bb9bb2fd876f4bf86fe4fb5b3413617e3304d7a28e641d58f,tune,"{""canvas"": [720, 1280], ""format"": ""PNG"", ""image_filter"": ""LANCZOS"", ""mask_filter"": ""NEAREST"", ""photo_box"": [40, 370, 680, 850], ""photo_region_selection"": ""known rendering box, no automatic detector"", ""synthetic_screen"": true}"
trufor_columbia_canonxt_kodakdcs330_sub_02__screen_photo_crop,trufor,data\robustness\screen_photo_crop\trufor_columbia_canonxt_kodakdcs330_sub_02.png,Columbia,https://www.ee.columbia.edu/ln/dvmm/downloads/authsplcuncmp/,columbia_exposed_connected_scenes,1,,data\robustness_masks\screen_photo_crop\trufor_columbia_canonxt_kodakdcs330_sub_02.png,exploratory,screen_photo_crop,verified,5c97b8e0e2e1d7fb75161b554747135807cc9615042978c1ecfc8aee2b4e9cd4,trufor_columbia_canonxt_kodakdcs330_sub_02,613befdd4d148ccdcda6efa19bba99c8cfdd43cc999abde6bec25c8cb66649c8,tune,"{""canvas"": [720, 1280], ""format"": ""PNG"", ""image_filter"": ""LANCZOS"", ""mask_filter"": ""NEAREST"", ""photo_box"": [40, 396, 680, 823], ""photo_region_selection"": ""known rendering box, no automatic detector"", ""synthetic_screen"": true}"
trufor_columbia_nikond70_canonxt_sub_02__screen_photo_crop,trufor,data\robustness\screen_photo_crop\trufor_columbia_nikond70_canonxt_sub_02.png,Columbia,https://www.ee.columbia.edu/ln/dvmm/downloads/authsplcuncmp/,columbia_exposed_connected_scenes,1,,data\robustness_masks\screen_photo_crop\trufor_columbia_nikond70_canonxt_sub_02.png,exploratory,screen_photo_crop,verified,2baa3639d88fb225a9e97f39775ea934bb4fb350b8f5cf19e531fd1640fc9962,trufor_columbia_nikond70_canonxt_sub_02,8ba0fcb606613282baee1a00961402e790bc1ac40bbfe1a5b6304907ea4ab461,tune,"{""canvas"": [720, 1280], ""format"": ""PNG"", ""image_filter"": ""LANCZOS"", ""mask_filter"": ""NEAREST"", ""photo_box"": [40, 397, 680, 822], ""photo_region_selection"": ""known rendering box, no automatic detector"", ""synthetic_screen"": true}"
trufor_columbia_nikond70_kodakdcs330_sub_02__screen_photo_crop,trufor,data\robustness\screen_photo_crop\trufor_columbia_nikond70_kodakdcs330_sub_02.png,Columbia,https://www.ee.columbia.edu/ln/dvmm/downloads/authsplcuncmp/,columbia_exposed_connected_scenes,1,,data\robustness_masks\screen_photo_crop\trufor_columbia_nikond70_kodakdcs330_sub_02.png,exploratory,screen_photo_crop,verified,5a2027fd6fd5d591f651fa4ea3671163e2a489456c9ee53f81c0c2723ce26e85,trufor_columbia_nikond70_kodakdcs330_sub_02,fe05c68cb6ccf8cc52af071d71da8f7868e05c960df8dcf14c5065e8597e1222,tune,"{""canvas"": [720, 1280], ""format"": ""PNG"", ""image_filter"": ""LANCZOS"", ""mask_filter"": ""NEAREST"", ""photo_box"": [40, 397, 680, 822], ""photo_region_selection"": ""known rendering box, no automatic detector"", ""synthetic_screen"": true}"
trufor_columbia_canong3_canonxt_sub_03__screen_photo_crop,trufor,data\robustness\screen_photo_crop\trufor_columbia_canong3_canonxt_sub_03.png,Columbia,https://www.ee.columbia.edu/ln/dvmm/downloads/authsplcuncmp/,columbia_exposed_connected_scenes,1,,data\robustness_masks\screen_photo_crop\trufor_columbia_canong3_canonxt_sub_03.png,exploratory,screen_photo_crop,verified,7d270969a45dc69423645d8fdaf754c4c59fe41dd09ca61c3f0e88bd7281fc58,trufor_columbia_canong3_canonxt_sub_03,95a3e1b4691b65b2c7e3d922fa66b42b86061f18c7803cbb85b59bfc363cbf4f,tune,"{""canvas"": [720, 1280], ""format"": ""PNG"", ""image_filter"": ""LANCZOS"", ""mask_filter"": ""NEAREST"", ""photo_box"": [40, 370, 680, 850], ""photo_region_selection"": ""known rendering box, no automatic detector"", ""synthetic_screen"": true}"
trufor_columbia_canong3_kodakdcs330_sub_03__screen_photo_crop,trufor,data\robustness\screen_photo_crop\trufor_columbia_canong3_kodakdcs330_sub_03.png,Columbia,https://www.ee.columbia.edu/ln/dvmm/downloads/authsplcuncmp/,columbia_exposed_connected_scenes,1,,data\robustness_masks\screen_photo_crop\trufor_columbia_canong3_kodakdcs330_sub_03.png,exploratory,screen_photo_crop,verified,8057c39f59b7c4e19d1d51fbd62d97da273cba5c9134e31fa7e1af98e4525835,trufor_columbia_canong3_kodakdcs330_sub_03,d98617bae770520fd2a78cc62caf600cfc848fefeb56b0e99f00af1a1cbbac80,tune,"{""canvas"": [720, 1280], ""format"": ""PNG"", ""image_filter"": ""LANCZOS"", ""mask_filter"": ""NEAREST"", ""photo_box"": [40, 370, 680, 850], ""photo_region_selection"": ""known rendering box, no automatic detector"", ""synthetic_screen"": true}"
trufor_columbia_canong3_nikond70_sub_03__screen_photo_crop,trufor,data\robustness\screen_photo_crop\trufor_columbia_canong3_nikond70_sub_03.png,Columbia,https://www.ee.columbia.edu/ln/dvmm/downloads/authsplcuncmp/,columbia_exposed_connected_scenes,1,,data\robustness_masks\screen_photo_crop\trufor_columbia_canong3_nikond70_sub_03.png,exploratory,screen_photo_crop,verified,47100737d42856942d0478c707f11b531d3143d6112a5b5dd41c68f38f1ed4cc,trufor_columbia_canong3_nikond70_sub_03,dcaf20ab5cb61eb3320560c237036fa63b73eefa2eb64bbeece7b6ad7ff0ca7c,tune,"{""canvas"": [720, 1280], ""format"": ""PNG"", ""image_filter"": ""LANCZOS"", ""mask_filter"": ""NEAREST"", ""photo_box"": [40, 370, 680, 850], ""photo_region_selection"": ""known rendering box, no automatic detector"", ""synthetic_screen"": true}"
trufor_columbia_canonxt_kodakdcs330_sub_03__screen_photo_crop,trufor,data\robustness\screen_photo_crop\trufor_columbia_canonxt_kodakdcs330_sub_03.png,Columbia,https://www.ee.columbia.edu/ln/dvmm/downloads/authsplcuncmp/,columbia_exposed_connected_scenes,1,,data\robustness_masks\screen_photo_crop\trufor_columbia_canonxt_kodakdcs330_sub_03.png,exploratory,screen_photo_crop,verified,0d3b78672a57ccd993adeb25adbf64983ce6702c3460d62034145e53cad5acc8,trufor_columbia_canonxt_kodakdcs330_sub_03,a4bf8c822027e2f79a2fb8b178f4087e0dda574903ae06241713ac3053effbf3,tune,"{""canvas"": [720, 1280], ""format"": ""PNG"", ""image_filter"": ""LANCZOS"", ""mask_filter"": ""NEAREST"", ""photo_box"": [40, 396, 680, 823], ""photo_region_selection"": ""known rendering box, no automatic detector"", ""synthetic_screen"": true}"
trufor_columbia_nikond70_canonxt_sub_03__screen_photo_crop,trufor,data\robustness\screen_photo_crop\trufor_columbia_nikond70_canonxt_sub_03.png,Columbia,https://www.ee.columbia.edu/ln/dvmm/downloads/authsplcuncmp/,columbia_exposed_connected_scenes,1,,data\robustness_masks\screen_photo_crop\trufor_columbia_nikond70_canonxt_sub_03.png,exploratory,screen_photo_crop,verified,0b4104865460485ff8b4dc6e52f3f49856312c95a332422fd57764b755dcd00a,trufor_columbia_nikond70_canonxt_sub_03,c82f56bcb06e156001115c74f85b97c979648bd6f72dfdb9dd832e8f66825abc,tune,"{""canvas"": [720, 1280], ""format"": ""PNG"", ""image_filter"": ""LANCZOS"", ""mask_filter"": ""NEAREST"", ""photo_box"": [40, 397, 680, 822], ""photo_region_selection"": ""known rendering box, no automatic detector"", ""synthetic_screen"": true}"
trufor_columbia_nikond70_kodakdcs330_sub_03__screen_photo_crop,trufor,data\robustness\screen_photo_crop\trufor_columbia_nikond70_kodakdcs330_sub_03.png,Columbia,https://www.ee.columbia.edu/ln/dvmm/downloads/authsplcuncmp/,columbia_exposed_connected_scenes,1,,data\robustness_masks\screen_photo_crop\trufor_columbia_nikond70_kodakdcs330_sub_03.png,exploratory,screen_photo_crop,verified,56b4665cb42d04ec4b3a8e8bd05d8b9ce13413c0396e29a3b1278d59c8613001,trufor_columbia_nikond70_kodakdcs330_sub_03,2306124ae2a3aa135388352bb015cf26d3a16d4f556998c00ef9715e7b24fccd,tune,"{""canvas"": [720, 1280], ""format"": ""PNG"", ""image_filter"": ""LANCZOS"", ""mask_filter"": ""NEAREST"", ""photo_box"": [40, 397, 680, 822], ""photo_region_selection"": ""known rendering box, no automatic detector"", ""synthetic_screen"": true}"
trufor_columbia_canong3_canonxt_sub_04__screen_photo_crop,trufor,data\robustness\screen_photo_crop\trufor_columbia_canong3_canonxt_sub_04.png,Columbia,https://www.ee.columbia.edu/ln/dvmm/downloads/authsplcuncmp/,columbia_exposed_connected_scenes,1,,data\robustness_masks\screen_photo_crop\trufor_columbia_canong3_canonxt_sub_04.png,exploratory,screen_photo_crop,verified,748f53c6ff238653d0f6363fc42226cd4574a4843de1be31748ee70a4ced1f59,trufor_columbia_canong3_canonxt_sub_04,6e413642ca27403f7706e66e1999602ffe7cad022fb3a48324ad2a59e701c579,tune,"{""canvas"": [720, 1280], ""format"": ""PNG"", ""image_filter"": ""LANCZOS"", ""mask_filter"": ""NEAREST"", ""photo_box"": [40, 370, 680, 850], ""photo_region_selection"": ""known rendering box, no automatic detector"", ""synthetic_screen"": true}"
trufor_columbia_canong3_kodakdcs330_sub_04__screen_photo_crop,trufor,data\robustness\screen_photo_crop\trufor_columbia_canong3_kodakdcs330_sub_04.png,Columbia,https://www.ee.columbia.edu/ln/dvmm/downloads/authsplcuncmp/,columbia_exposed_connected_scenes,1,,data\robustness_masks\screen_photo_crop\trufor_columbia_canong3_kodakdcs330_sub_04.png,exploratory,screen_photo_crop,verified,b3a18dbc83eedc40d15d833054131220116a9563f15d04a08991c003ffb33d60,trufor_columbia_canong3_kodakdcs330_sub_04,4212e7baefb222737829cf858d02254f2f0357777acbac805bc59df94e862f47,tune,"{""canvas"": [720, 1280], ""format"": ""PNG"", ""image_filter"": ""LANCZOS"", ""mask_filter"": ""NEAREST"", ""photo_box"": [40, 370, 680, 850], ""photo_region_selection"": ""known rendering box, no automatic detector"", ""synthetic_screen"": true}"
trufor_coverage_1__screen_photo_crop,trufor,data\robustness\screen_photo_crop\trufor_coverage_1.png,COVERAGE-2017-corrected,https://github.com/wenbihan/coverage,coverage_pair_1,0,,,exploratory,screen_photo_crop,verified,c016b3a2960f3d9478608491e1a438d0fc0ff3c6d986f8412c000725c6d49ea5,trufor_coverage_1,356ca82f67176fb906e737477f10189f0dfc7a1c2050b3536a06cc96aeff9000,final,"{""canvas"": [720, 1280], ""format"": ""PNG"", ""image_filter"": ""LANCZOS"", ""mask_filter"": ""NEAREST"", ""photo_box"": [40, 292, 680, 927], ""photo_region_selection"": ""known rendering box, no automatic detector"", ""synthetic_screen"": true}"
trufor_coverage_1t__screen_photo_crop,trufor,data\robustness\screen_photo_crop\trufor_coverage_1t.png,COVERAGE-2017-corrected,https://github.com/wenbihan/coverage,coverage_pair_1,1,,data\robustness_masks\screen_photo_crop\trufor_coverage_1t.png,exploratory,screen_photo_crop,verified,bd4c10367ece6e8504c77ec2f1c6b3389d6603b6b2dff9d470f483bd5bcbe109,trufor_coverage_1t,e59e947d4ee72ff5501b6e12eb0946cc10bb63146fa062c174fb5e80a33795ca,final,"{""canvas"": [720, 1280], ""format"": ""PNG"", ""image_filter"": ""LANCZOS"", ""mask_filter"": ""NEAREST"", ""photo_box"": [40, 292, 680, 927], ""photo_region_selection"": ""known rendering box, no automatic detector"", ""synthetic_screen"": true}"
trufor_coverage_10__screen_photo_crop,trufor,data\robustness\screen_photo_crop\trufor_coverage_10.png,COVERAGE-2017-corrected,https://github.com/wenbihan/coverage,coverage_pair_10,0,,,exploratory,screen_photo_crop,verified,0bd7c82dff103a7d4391b7c3ceaa52b62b005ac04068c114c099abd1db76349d,trufor_coverage_10,b747a4bb219260fbabe69b980d2233cafb0c0da84071c987b963e478946f0661,final,"{""canvas"": [720, 1280], ""format"": ""PNG"", ""image_filter"": ""LANCZOS"", ""mask_filter"": ""NEAREST"", ""photo_box"": [40, 233, 680, 986], ""photo_region_selection"": ""known rendering box, no automatic detector"", ""synthetic_screen"": true}"
trufor_coverage_10t__screen_photo_crop,trufor,data\robustness\screen_photo_crop\trufor_coverage_10t.png,COVERAGE-2017-corrected,https://github.com/wenbihan/coverage,coverage_pair_10,1,,data\robustness_masks\screen_photo_crop\trufor_coverage_10t.png,exploratory,screen_photo_crop,verified,571df969a72c59e4a775c4d42653f65aa971a4e73d0efc1167155c1792e38093,trufor_coverage_10t,e59546fc5ae7918630c07c437ba099ad42f8c6cd1ec5ef71aada264dd00b3434,final,"{""canvas"": [720, 1280], ""format"": ""PNG"", ""image_filter"": ""LANCZOS"", ""mask_filter"": ""NEAREST"", ""photo_box"": [40, 233, 680, 986], ""photo_region_selection"": ""known rendering box, no automatic detector"", ""synthetic_screen"": true}"
trufor_coverage_18__screen_photo_crop,trufor,data\robustness\screen_photo_crop\trufor_coverage_18.png,COVERAGE-2017-corrected,https://github.com/wenbihan/coverage,coverage_pair_18,0,,,exploratory,screen_photo_crop,verified,42fcecb471e109da190068930b2b60698cd7aa241b79de9acd653df88124dc6e,trufor_coverage_18,db4802496764971875cd6dc2fb4f6be19e270be8577c783e8e3d8d331ce7a324,final,"{""canvas"": [720, 1280], ""format"": ""PNG"", ""image_filter"": ""LANCZOS"", ""mask_filter"": ""NEAREST"", ""photo_box"": [40, 343, 680, 876], ""photo_region_selection"": ""known rendering box, no automatic detector"", ""synthetic_screen"": true}"
trufor_coverage_18t__screen_photo_crop,trufor,data\robustness\screen_photo_crop\trufor_coverage_18t.png,COVERAGE-2017-corrected,https://github.com/wenbihan/coverage,coverage_pair_18,1,,data\robustness_masks\screen_photo_crop\trufor_coverage_18t.png,exploratory,screen_photo_crop,verified,4d013e26bd9244ef6fd8f28b6bd66916b9fc2ffc26db6d4371be6fe416767881,trufor_coverage_18t,ceec08380a7bbd92d94799d2dbcaedd2ba12fefa1cbad1739aa1e9072fef4953,final,"{""canvas"": [720, 1280], ""format"": ""PNG"", ""image_filter"": ""LANCZOS"", ""mask_filter"": ""NEAREST"", ""photo_box"": [40, 343, 680, 876], ""photo_region_selection"": ""known rendering box, no automatic detector"", ""synthetic_screen"": true}"
trufor_coverage_15__screen_photo_crop,trufor,data\robustness\screen_photo_crop\trufor_coverage_15.png,COVERAGE-2017-corrected,https://github.com/wenbihan/coverage,coverage_pair_15,0,,,exploratory,screen_photo_crop,verified,5f5cb63864fea0cce7a6fc9e68f2dcece3cd12a6a73cf3cf2e5152b048772114,trufor_coverage_15,7c80eba350f692c09b391b9c41c11ebcc1b415c6c46d0948dd5d34ff3303bb43,final,"{""canvas"": [720, 1280], ""format"": ""PNG"", ""image_filter"": ""LANCZOS"", ""mask_filter"": ""NEAREST"", ""photo_box"": [40, 375, 680, 844], ""photo_region_selection"": ""known rendering box, no automatic detector"", ""synthetic_screen"": true}"
trufor_coverage_15t__screen_photo_crop,trufor,data\robustness\screen_photo_crop\trufor_coverage_15t.png,COVERAGE-2017-corrected,https://github.com/wenbihan/coverage,coverage_pair_15,1,,data\robustness_masks\screen_photo_crop\trufor_coverage_15t.png,exploratory,screen_photo_crop,verified,8e41f19905a18ab2036761abf977a6fc11802a7f37e34c888150cd677b54e55e,trufor_coverage_15t,b3d097c423e16a2e4e5d9c45fd597411de518ce1fce64d38bb8dbf0a36468bc4,final,"{""canvas"": [720, 1280], ""format"": ""PNG"", ""image_filter"": ""LANCZOS"", ""mask_filter"": ""NEAREST"", ""photo_box"": [40, 375, 680, 844], ""photo_region_selection"": ""known rendering box, no automatic detector"", ""synthetic_screen"": true}"
trufor_coverage_4__screen_photo_crop,trufor,data\robustness\screen_photo_crop\trufor_coverage_4.png,COVERAGE-2017-corrected,https://github.com/wenbihan/coverage,coverage_pair_4,0,,,exploratory,screen_photo_crop,verified,57a2a91e3799e550ef01389a572e78c64493afd8b795ed52854221f1c3af3974,trufor_coverage_4,01e272f82f57425ee8bce8abfafe04af4a46f83e6f33bda0ecbde5e17db168fc,final,"{""canvas"": [720, 1280], ""format"": ""PNG"", ""image_filter"": ""LANCZOS"", ""mask_filter"": ""NEAREST"", ""photo_box"": [40, 366, 680, 853], ""photo_region_selection"": ""known rendering box, no automatic detector"", ""synthetic_screen"": true}"
trufor_coverage_4t__screen_photo_crop,trufor,data\robustness\screen_photo_crop\trufor_coverage_4t.png,COVERAGE-2017-corrected,https://github.com/wenbihan/coverage,coverage_pair_4,1,,data\robustness_masks\screen_photo_crop\trufor_coverage_4t.png,exploratory,screen_photo_crop,verified,e3de7b2608bb1e9fccb244bd40358a701f6b91f48b67ebb73bdd8d32e9bc08d8,trufor_coverage_4t,7d5276fb4b1f979c3fba1a226e3c5518e964681ccb909be51a5130c55e67427a,final,"{""canvas"": [720, 1280], ""format"": ""PNG"", ""image_filter"": ""LANCZOS"", ""mask_filter"": ""NEAREST"", ""photo_box"": [40, 366, 680, 853], ""photo_region_selection"": ""known rendering box, no automatic detector"", ""synthetic_screen"": true}"
trufor_coverage_2__screen_photo_crop,trufor,data\robustness\screen_photo_crop\trufor_coverage_2.png,COVERAGE-2017-corrected,https://github.com/wenbihan/coverage,coverage_pair_2,0,,,exploratory,screen_photo_crop,verified,bdbfaede813e34f4c938ef1f3871e00df56373b12c5b78d7ec0b107d133a797a,trufor_coverage_2,c2c1f90b757a1ab98a7e65f70a00ec895637e8e093c80c0a71d15af680832243,final,"{""canvas"": [720, 1280], ""format"": ""PNG"", ""image_filter"": ""LANCZOS"", ""mask_filter"": ""NEAREST"", ""photo_box"": [40, 325, 680, 895], ""photo_region_selection"": ""known rendering box, no automatic detector"", ""synthetic_screen"": true}"
trufor_coverage_2t__screen_photo_crop,trufor,data\robustness\screen_photo_crop\trufor_coverage_2t.png,COVERAGE-2017-corrected,https://github.com/wenbihan/coverage,coverage_pair_2,1,,data\robustness_masks\screen_photo_crop\trufor_coverage_2t.png,exploratory,screen_photo_crop,verified,d9a9feae81e8a36ab1e02bc333f193c1590e0a2d38bd02a0de628d9b7c47c3ee,trufor_coverage_2t,a1bc57a1c47ecf85478a8d8629fb0d89f26d2fff327477a490ac52725b909b4e,final,"{""canvas"": [720, 1280], ""format"": ""PNG"", ""image_filter"": ""LANCZOS"", ""mask_filter"": ""NEAREST"", ""photo_box"": [40, 325, 680, 895], ""photo_region_selection"": ""known rendering box, no automatic detector"", ""synthetic_screen"": true}"
trufor_coverage_8__screen_photo_crop,trufor,data\robustness\screen_photo_crop\trufor_coverage_8.png,COVERAGE-2017-corrected,https://github.com/wenbihan/coverage,coverage_pair_8,0,,,exploratory,screen_photo_crop,verified,ac01aee5ec1724489a8232b3c22a7833839d63cc34316688611c5442a99d77ec,trufor_coverage_8,ee17c3bddc83f02f67ac92436c9b9e01027e2c356aa6d61794c2c567aae7317e,final,"{""canvas"": [720, 1280], ""format"": ""PNG"", ""image_filter"": ""LANCZOS"", ""mask_filter"": ""NEAREST"", ""photo_box"": [40, 341, 680, 879], ""photo_region_selection"": ""known rendering box, no automatic detector"", ""synthetic_screen"": true}"
trufor_coverage_8t__screen_photo_crop,trufor,data\robustness\screen_photo_crop\trufor_coverage_8t.png,COVERAGE-2017-corrected,https://github.com/wenbihan/coverage,coverage_pair_8,1,,data\robustness_masks\screen_photo_crop\trufor_coverage_8t.png,exploratory,screen_photo_crop,verified,5a99b3a2b744a60574f563390ba9c708f71a298f73a30f8d4de81a37d20e860c,trufor_coverage_8t,8ea6c83f00ba807215f1b83ec2450560a7a7cc030d8d6488be9240b44d970235,final,"{""canvas"": [720, 1280], ""format"": ""PNG"", ""image_filter"": ""LANCZOS"", ""mask_filter"": ""NEAREST"", ""photo_box"": [40, 341, 680, 879], ""photo_region_selection"": ""known rendering box, no automatic detector"", ""synthetic_screen"": true}"
trufor_coverage_34__screen_photo_crop,trufor,data\robustness\screen_photo_crop\trufor_coverage_34.png,COVERAGE-2017-corrected,https://github.com/wenbihan/coverage,coverage_pair_34,0,,,exploratory,screen_photo_crop,verified,f7a6e64e8e917dddee65a570e1e80a305d9fa30f5635804035624b63071371f9,trufor_coverage_34,ba2a02fdaf452d69a5f008a0e982fa451eb73cd2839c03e133d7b771c0a15e9f,final,"{""canvas"": [720, 1280], ""format"": ""PNG"", ""image_filter"": ""LANCZOS"", ""mask_filter"": ""NEAREST"", ""photo_box"": [40, 284, 680, 935], ""photo_region_selection"": ""known rendering box, no automatic detector"", ""synthetic_screen"": true}"
trufor_coverage_34t__screen_photo_crop,trufor,data\robustness\screen_photo_crop\trufor_coverage_34t.png,COVERAGE-2017-corrected,https://github.com/wenbihan/coverage,coverage_pair_34,1,,data\robustness_masks\screen_photo_crop\trufor_coverage_34t.png,exploratory,screen_photo_crop,verified,bdba6d512dc5db47306b194e447e619fa9fbc013bb3f89db798544d6cdf37fac,trufor_coverage_34t,02f94808d5a764e9bff7c762546b4c35c4d160c84d74398f97bccb66fdbc40f5,final,"{""canvas"": [720, 1280], ""format"": ""PNG"", ""image_filter"": ""LANCZOS"", ""mask_filter"": ""NEAREST"", ""photo_box"": [40, 284, 680, 935], ""photo_region_selection"": ""known rendering box, no automatic detector"", ""synthetic_screen"": true}"
trufor_coverage_19__screen_photo_crop,trufor,data\robustness\screen_photo_crop\trufor_coverage_19.png,COVERAGE-2017-corrected,https://github.com/wenbihan/coverage,coverage_pair_19,0,,,exploratory,screen_photo_crop,verified,22d2c1f0ead4060e0a5931f6d729db954145ac31e98ff516146527acf2355803,trufor_coverage_19,0ca68ee5fdcb0f03bc3c22f568e7b5740536d6716c7df4be4250816c469ad60b,final,"{""canvas"": [720, 1280], ""format"": ""PNG"", ""image_filter"": ""LANCZOS"", ""mask_filter"": ""NEAREST"", ""photo_box"": [40, 304, 680, 916], ""photo_region_selection"": ""known rendering box, no automatic detector"", ""synthetic_screen"": true}"
trufor_coverage_19t__screen_photo_crop,trufor,data\robustness\screen_photo_crop\trufor_coverage_19t.png,COVERAGE-2017-corrected,https://github.com/wenbihan/coverage,coverage_pair_19,1,,data\robustness_masks\screen_photo_crop\trufor_coverage_19t.png,exploratory,screen_photo_crop,verified,369a86332633722e4e1307e144d2f0a88c3761c50b4ab97d9ccf06bccb687274,trufor_coverage_19t,92ae9220ba283c70c1ef09e8710c81c0e0e57c3f4ccd3e81203cd8a1bf5b9a5a,final,"{""canvas"": [720, 1280], ""format"": ""PNG"", ""image_filter"": ""LANCZOS"", ""mask_filter"": ""NEAREST"", ""photo_box"": [40, 304, 680, 916], ""photo_region_selection"": ""known rendering box, no automatic detector"", ""synthetic_screen"": true}"
trufor_coverage_31__screen_photo_crop,trufor,data\robustness\screen_photo_crop\trufor_coverage_31.png,COVERAGE-2017-corrected,https://github.com/wenbihan/coverage,coverage_pair_31,0,,,exploratory,screen_photo_crop,verified,7e57947cee507f5875d4884cf00372ce72cb3d7cd0a6eec7536ff44043cbe1e0,trufor_coverage_31,401a8cd3c5c89e8f68133d2afbee5972dcbfc0c5ef184c85e80c076e71bf4327,final,"{""canvas"": [720, 1280], ""format"": ""PNG"", ""image_filter"": ""LANCZOS"", ""mask_filter"": ""NEAREST"", ""photo_box"": [40, 355, 680, 865], ""photo_region_selection"": ""known rendering box, no automatic detector"", ""synthetic_screen"": true}"
trufor_coverage_31t__screen_photo_crop,trufor,data\robustness\screen_photo_crop\trufor_coverage_31t.png,COVERAGE-2017-corrected,https://github.com/wenbihan/coverage,coverage_pair_31,1,,data\robustness_masks\screen_photo_crop\trufor_coverage_31t.png,exploratory,screen_photo_crop,verified,1f055f602cddb4084aaf0e2dbeae3fad7990ec46766fe362e7d0f651fd65af6f,trufor_coverage_31t,1e33293126a39c60059969f53414e5934354aad563325f436d5adc9ce324b149,final,"{""canvas"": [720, 1280], ""format"": ""PNG"", ""image_filter"": ""LANCZOS"", ""mask_filter"": ""NEAREST"", ""photo_box"": [40, 355, 680, 865], ""photo_region_selection"": ""known rendering box, no automatic detector"", ""synthetic_screen"": true}"
trufor_coverage_17__screen_photo_crop,trufor,data\robustness\screen_photo_crop\trufor_coverage_17.png,COVERAGE-2017-corrected,https://github.com/wenbihan/coverage,coverage_pair_17,0,,,exploratory,screen_photo_crop,verified,d2477b54d8aea9dcdc77b505976c1694205a007fb8165a05b26f5bb45ef15385,trufor_coverage_17,33df51672780398104861e4e44d8530362ca755601b8bb52fc4b0a8a6ebf3af7,final,"{""canvas"": [720, 1280], ""format"": ""PNG"", ""image_filter"": ""LANCZOS"", ""mask_filter"": ""NEAREST"", ""photo_box"": [40, 336, 680, 884], ""photo_region_selection"": ""known rendering box, no automatic detector"", ""synthetic_screen"": true}"
trufor_coverage_17t__screen_photo_crop,trufor,data\robustness\screen_photo_crop\trufor_coverage_17t.png,COVERAGE-2017-corrected,https://github.com/wenbihan/coverage,coverage_pair_17,1,,data\robustness_masks\screen_photo_crop\trufor_coverage_17t.png,exploratory,screen_photo_crop,verified,d88327a2341de23e933d88d231229165835aa7a21756091db833c960beb2ce5d,trufor_coverage_17t,55a0254f194676e725982404b71d6ae57cd3227c043bd26325cfcbe12d3827f8,final,"{""canvas"": [720, 1280], ""format"": ""PNG"", ""image_filter"": ""LANCZOS"", ""mask_filter"": ""NEAREST"", ""photo_box"": [40, 336, 680, 884], ""photo_region_selection"": ""known rendering box, no automatic detector"", ""synthetic_screen"": true}"
trufor_coverage_3__screen_photo_crop,trufor,data\robustness\screen_photo_crop\trufor_coverage_3.png,COVERAGE-2017-corrected,https://github.com/wenbihan/coverage,coverage_pair_3,0,,,exploratory,screen_photo_crop,verified,968e5c6d096aa6e98d49e1b9fc6ff96af3b79906deab40042dd707f4c92815e5,trufor_coverage_3,9388ad5508831aadb3c19de1737529b54806d3dbc927f37e1298f3da3678eec9,final,"{""canvas"": [720, 1280], ""format"": ""PNG"", ""image_filter"": ""LANCZOS"", ""mask_filter"": ""NEAREST"", ""photo_box"": [40, 326, 680, 893], ""photo_region_selection"": ""known rendering box, no automatic detector"", ""synthetic_screen"": true}"
trufor_coverage_3t__screen_photo_crop,trufor,data\robustness\screen_photo_crop\trufor_coverage_3t.png,COVERAGE-2017-corrected,https://github.com/wenbihan/coverage,coverage_pair_3,1,,data\robustness_masks\screen_photo_crop\trufor_coverage_3t.png,exploratory,screen_photo_crop,verified,15ccea365e950b0a738c4460960f0ed2de5e39918b5d87ae62bc3eb2ba790581,trufor_coverage_3t,e0735904e147a9ff798768b0ba50b2d012b89c6ade25da66a8c84ce2f35ae7a8,final,"{""canvas"": [720, 1280], ""format"": ""PNG"", ""image_filter"": ""LANCZOS"", ""mask_filter"": ""NEAREST"", ""photo_box"": [40, 326, 680, 893], ""photo_region_selection"": ""known rendering box, no automatic detector"", ""synthetic_screen"": true}"
trufor_coverage_11__screen_photo_crop,trufor,data\robustness\screen_photo_crop\trufor_coverage_11.png,COVERAGE-2017-corrected,https://github.com/wenbihan/coverage,coverage_pair_11,0,,,exploratory,screen_photo_crop,verified,866be7d6b73d4cda85794178d806bce0c127e269b2ec55a4030e42e2a73ef2db,trufor_coverage_11,358908bbd885c6bf71f0f75db914016a8fb0217e9a2dea73b00e515f22e2b85e,final,"{""canvas"": [720, 1280], ""format"": ""PNG"", ""image_filter"": ""LANCZOS"", ""mask_filter"": ""NEAREST"", ""photo_box"": [40, 350, 680, 870], ""photo_region_selection"": ""known rendering box, no automatic detector"", ""synthetic_screen"": true}"
trufor_coverage_11t__screen_photo_crop,trufor,data\robustness\screen_photo_crop\trufor_coverage_11t.png,COVERAGE-2017-corrected,https://github.com/wenbihan/coverage,coverage_pair_11,1,,data\robustness_masks\screen_photo_crop\trufor_coverage_11t.png,exploratory,screen_photo_crop,verified,1e7e0333c049899b4200051051e0f20132a4c7c44f9d55e6e6d9c2116493b2de,trufor_coverage_11t,9face95b8d4cad759c4d16e1dc725638e9328019b758b1e81ec1128b296ad257,final,"{""canvas"": [720, 1280], ""format"": ""PNG"", ""image_filter"": ""LANCZOS"", ""mask_filter"": ""NEAREST"", ""photo_box"": [40, 350, 680, 870], ""photo_region_selection"": ""known rendering box, no automatic detector"", ""synthetic_screen"": true}"
trufor_coverage_37__screen_photo_crop,trufor,data\robustness\screen_photo_crop\trufor_coverage_37.png,COVERAGE-2017-corrected,https://github.com/wenbihan/coverage,coverage_pair_37,0,,,exploratory,screen_photo_crop,verified,9d62d74e6edc0778be65bd3ac9b07c1b7cc1d2f37c7da5b325f6fd1388686bfd,trufor_coverage_37,ee6b0d1489b72da36ef2e336ba96c86810cbe9cb0bb66ba31747127b740f1b5b,final,"{""canvas"": [720, 1280], ""format"": ""PNG"", ""image_filter"": ""LANCZOS"", ""mask_filter"": ""NEAREST"", ""photo_box"": [40, 318, 680, 902], ""photo_region_selection"": ""known rendering box, no automatic detector"", ""synthetic_screen"": true}"
trufor_coverage_37t__screen_photo_crop,trufor,data\robustness\screen_photo_crop\trufor_coverage_37t.png,COVERAGE-2017-corrected,https://github.com/wenbihan/coverage,coverage_pair_37,1,,data\robustness_masks\screen_photo_crop\trufor_coverage_37t.png,exploratory,screen_photo_crop,verified,efba5a8c29ab906e4bec57b5faf1af2236aa6fe3dde99c705709b3f6d3a18c02,trufor_coverage_37t,2da931826885542da16ff528dfec39baae10ed57bb2fb225e4cf801d08bb0c72,final,"{""canvas"": [720, 1280], ""format"": ""PNG"", ""image_filter"": ""LANCZOS"", ""mask_filter"": ""NEAREST"", ""photo_box"": [40, 318, 680, 902], ""photo_region_selection"": ""known rendering box, no automatic detector"", ""synthetic_screen"": true}"
trufor_coverage_21__screen_photo_crop,trufor,data\robustness\screen_photo_crop\trufor_coverage_21.png,COVERAGE-2017-corrected,https://github.com/wenbihan/coverage,coverage_pair_21,0,,,exploratory,screen_photo_crop,verified,7fcbd20164b23f5d96ca73d6c065c49690da8625ea99fc12c441f7b6ab9ed2fd,trufor_coverage_21,978f5f2c7bab106ae43e120f2830ccc76b3ea1b44d5b39279f8fc9718202a469,final,"{""canvas"": [720, 1280], ""format"": ""PNG"", ""image_filter"": ""LANCZOS"", ""mask_filter"": ""NEAREST"", ""photo_box"": [40, 394, 680, 825], ""photo_region_selection"": ""known rendering box, no automatic detector"", ""synthetic_screen"": true}"
trufor_coverage_21t__screen_photo_crop,trufor,data\robustness\screen_photo_crop\trufor_coverage_21t.png,COVERAGE-2017-corrected,https://github.com/wenbihan/coverage,coverage_pair_21,1,,data\robustness_masks\screen_photo_crop\trufor_coverage_21t.png,exploratory,screen_photo_crop,verified,ce077d402582f05271845239a6a59243298257dc85a03c84618ef1a0e0c5d197,trufor_coverage_21t,7b146d4b2358b398aefa6a58824379637219fff925b973f5dbeaa2b9f8c1fcf3,final,"{""canvas"": [720, 1280], ""format"": ""PNG"", ""image_filter"": ""LANCZOS"", ""mask_filter"": ""NEAREST"", ""photo_box"": [40, 394, 680, 825], ""photo_region_selection"": ""known rendering box, no automatic detector"", ""synthetic_screen"": true}"
trufor_coverage_52__screen_photo_crop,trufor,data\robustness\screen_photo_crop\trufor_coverage_52.png,COVERAGE-2017-corrected,https://github.com/wenbihan/coverage,coverage_pair_52,0,,,exploratory,screen_photo_crop,verified,a3a88e128aa9791e283fd4945ce190b6b5627a8b26d80ac79ae94cb998bc76ed,trufor_coverage_52,e777ed9f4266e7e6ae6e34f630dd4c9f56ffb72063849c006f02e3ffc632dd62,final,"{""canvas"": [720, 1280], ""format"": ""PNG"", ""image_filter"": ""LANCZOS"", ""mask_filter"": ""NEAREST"", ""photo_box"": [40, 147, 680, 1073], ""photo_region_selection"": ""known rendering box, no automatic detector"", ""synthetic_screen"": true}"
trufor_coverage_52t__screen_photo_crop,trufor,data\robustness\screen_photo_crop\trufor_coverage_52t.png,COVERAGE-2017-corrected,https://github.com/wenbihan/coverage,coverage_pair_52,1,,data\robustness_masks\screen_photo_crop\trufor_coverage_52t.png,exploratory,screen_photo_crop,verified,7a2fc98470f0438d9f4a8e1891a7ef82bdb67392934345d5ba73b3b9d2c169ec,trufor_coverage_52t,b61952741536bab55eb3ab08c6a8eb2c627fb9a69408eeb5efefbcf7fcf91912,final,"{""canvas"": [720, 1280], ""format"": ""PNG"", ""image_filter"": ""LANCZOS"", ""mask_filter"": ""NEAREST"", ""photo_box"": [40, 147, 680, 1073], ""photo_region_selection"": ""known rendering box, no automatic detector"", ""synthetic_screen"": true}"
trufor_coverage_26__screen_photo_crop,trufor,data\robustness\screen_photo_crop\trufor_coverage_26.png,COVERAGE-2017-corrected,https://github.com/wenbihan/coverage,coverage_pair_26,0,,,exploratory,screen_photo_crop,verified,086d1834c6d49638f369c811bbdf423691f0e6d8152141d912ad02b1c76afe10,trufor_coverage_26,45fd803e67c7159a3430867923d7c5e49c093c141d2a102aeeab447d1428dc70,final,"{""canvas"": [720, 1280], ""format"": ""PNG"", ""image_filter"": ""LANCZOS"", ""mask_filter"": ""NEAREST"", ""photo_box"": [40, 378, 680, 842], ""photo_region_selection"": ""known rendering box, no automatic detector"", ""synthetic_screen"": true}"
trufor_coverage_26t__screen_photo_crop,trufor,data\robustness\screen_photo_crop\trufor_coverage_26t.png,COVERAGE-2017-corrected,https://github.com/wenbihan/coverage,coverage_pair_26,1,,data\robustness_masks\screen_photo_crop\trufor_coverage_26t.png,exploratory,screen_photo_crop,verified,40384736e16b83c30b590a39a6e344868d28010e422be8f396f05a6aea678816,trufor_coverage_26t,d1371b15fb850b2af3aa59198b5072b74c939c0fb899f563b14fee1954a8cb68,final,"{""canvas"": [720, 1280], ""format"": ""PNG"", ""image_filter"": ""LANCZOS"", ""mask_filter"": ""NEAREST"", ""photo_box"": [40, 378, 680, 842], ""photo_region_selection"": ""known rendering box, no automatic detector"", ""synthetic_screen"": true}"
trufor_coverage_5__screen_photo_crop,trufor,data\robustness\screen_photo_crop\trufor_coverage_5.png,COVERAGE-2017-corrected,https://github.com/wenbihan/coverage,coverage_pair_5,0,,,exploratory,screen_photo_crop,verified,35df3ab6fc6e1281969711752ebd15371952006ee60e69bfb2b900e59b847030,trufor_coverage_5,e1c72b5fab5c2f3f02a642a0f7488187f1e609a5829ba33b7a74dff7dea1ff25,final,"{""canvas"": [720, 1280], ""format"": ""PNG"", ""image_filter"": ""LANCZOS"", ""mask_filter"": ""NEAREST"", ""photo_box"": [40, 282, 680, 937], ""photo_region_selection"": ""known rendering box, no automatic detector"", ""synthetic_screen"": true}"
trufor_coverage_5t__screen_photo_crop,trufor,data\robustness\screen_photo_crop\trufor_coverage_5t.png,COVERAGE-2017-corrected,https://github.com/wenbihan/coverage,coverage_pair_5,1,,data\robustness_masks\screen_photo_crop\trufor_coverage_5t.png,exploratory,screen_photo_crop,verified,cb545598e4be66f6ee1b636221cdfc689b3539c00e292b9851c4a1ca6738176b,trufor_coverage_5t,4604262bae855218c32e99ace0f0892aa6591b2050c85b913b5b5be1076fdebf,final,"{""canvas"": [720, 1280], ""format"": ""PNG"", ""image_filter"": ""LANCZOS"", ""mask_filter"": ""NEAREST"", ""photo_box"": [40, 282, 680, 937], ""photo_region_selection"": ""known rendering box, no automatic detector"", ""synthetic_screen"": true}"
trufor_coverage_40__screen_photo_crop,trufor,data\robustness\screen_photo_crop\trufor_coverage_40.png,COVERAGE-2017-corrected,https://github.com/wenbihan/coverage,coverage_pair_40,0,,,exploratory,screen_photo_crop,verified,fe8a81c33399b409ae89ded4c5e98302e4cf5a29d560492b50d432441915387b,trufor_coverage_40,186c0cab7a972e545b3df3a0b85aa7b80c599390401e0af572e74337a3d31507,final,"{""canvas"": [720, 1280], ""format"": ""PNG"", ""image_filter"": ""LANCZOS"", ""mask_filter"": ""NEAREST"", ""photo_box"": [40, 372, 680, 847], ""photo_region_selection"": ""known rendering box, no automatic detector"", ""synthetic_screen"": true}"
trufor_coverage_40t__screen_photo_crop,trufor,data\robustness\screen_photo_crop\trufor_coverage_40t.png,COVERAGE-2017-corrected,https://github.com/wenbihan/coverage,coverage_pair_40,1,,data\robustness_masks\screen_photo_crop\trufor_coverage_40t.png,exploratory,screen_photo_crop,verified,21cc638c8d914499a9b0a7685e28834451553c2ca5f1cbe905af1c3a2a41903c,trufor_coverage_40t,fa5fff7b4830050cd5b2e304b8681fb0bf23686ab5b78185e3a6e69d89026f59,final,"{""canvas"": [720, 1280], ""format"": ""PNG"", ""image_filter"": ""LANCZOS"", ""mask_filter"": ""NEAREST"", ""photo_box"": [40, 372, 680, 847], ""photo_region_selection"": ""known rendering box, no automatic detector"", ""synthetic_screen"": true}"
trufor_coverage_42__screen_photo_crop,trufor,data\robustness\screen_photo_crop\trufor_coverage_42.png,COVERAGE-2017-corrected,https://github.com/wenbihan/coverage,coverage_pair_42,0,,,exploratory,screen_photo_crop,verified,eefbcaf501bd0315425c4ce45fbfd15bbfcc446cc8d693e2dbeb79daefaad337,trufor_coverage_42,2eaaa3e79e1e5fcdd96c7afd90176c389b8a867001596145cd1471fdfe86dd83,final,"{""canvas"": [720, 1280], ""format"": ""PNG"", ""image_filter"": ""LANCZOS"", ""mask_filter"": ""NEAREST"", ""photo_box"": [40, 323, 680, 896], ""photo_region_selection"": ""known rendering box, no automatic detector"", ""synthetic_screen"": true}"
trufor_coverage_42t__screen_photo_crop,trufor,data\robustness\screen_photo_crop\trufor_coverage_42t.png,COVERAGE-2017-corrected,https://github.com/wenbihan/coverage,coverage_pair_42,1,,data\robustness_masks\screen_photo_crop\trufor_coverage_42t.png,exploratory,screen_photo_crop,verified,927210f1da9926d79f2e931e664005cb4b037fbdcc2582ccd49f6a6fb4e65c80,trufor_coverage_42t,28419cdfe39ed3567d716359df21f5c9f1e7053b48510b77ce37edc0ae4d416c,final,"{""canvas"": [720, 1280], ""format"": ""PNG"", ""image_filter"": ""LANCZOS"", ""mask_filter"": ""NEAREST"", ""photo_box"": [40, 323, 680, 896], ""photo_region_selection"": ""known rendering box, no automatic detector"", ""synthetic_screen"": true}"
