image_id,model,path,dataset,source,group_id,label,generator,mask_path,split,variant,label_review,sha256
trufor_columbia_canong3_02_sub_01,trufor,data\converted\columbia\canong3_02_sub_01.png,Columbia,https://www.ee.columbia.edu/ln/dvmm/downloads/authsplcuncmp/,columbia_exposed_connected_scenes,0,,,tune,"TIFF/BMP to RGB PNG, identical RGB pixels",verified,f382323766c6a7b1d281fb8b9dd83e77601311e9e3cfee19b6bc6de0246e8007
trufor_columbia_canonxt_02_sub_01,trufor,data\converted\columbia\canonxt_02_sub_01.png,Columbia,https://www.ee.columbia.edu/ln/dvmm/downloads/authsplcuncmp/,columbia_exposed_connected_scenes,0,,,tune,"TIFF/BMP to RGB PNG, identical RGB pixels",verified,6f8d2a83310eadb5cb3530fca039e4ad2b3a0619bb66d8b1232aa2b5d7e892f6
trufor_columbia_kodakdcs330_01_sub_01,trufor,data\converted\columbia\kodakdcs330_01_sub_01.png,Columbia,https://www.ee.columbia.edu/ln/dvmm/downloads/authsplcuncmp/,columbia_exposed_connected_scenes,0,,,tune,"TIFF/BMP to RGB PNG, identical RGB pixels",verified,76aa55e3305fa538beb7256c436c36d76375b92b388fb3a9a99693c4c107da12
trufor_columbia_nikond70_02_sub_01,trufor,data\converted\columbia\nikond70_02_sub_01.png,Columbia,https://www.ee.columbia.edu/ln/dvmm/downloads/authsplcuncmp/,columbia_exposed_connected_scenes,0,,,tune,"TIFF/BMP to RGB PNG, identical RGB pixels",verified,876ae5d71e941472b1fc86240178f2cfa8e7787c3609dc7815fd9d48ec55bf84
trufor_columbia_canong3_02_sub_02,trufor,data\converted\columbia\canong3_02_sub_02.png,Columbia,https://www.ee.columbia.edu/ln/dvmm/downloads/authsplcuncmp/,columbia_exposed_connected_scenes,0,,,tune,"TIFF/BMP to RGB PNG, identical RGB pixels",verified,5c4455dc3646e067421cab43c5f22bd26ba2673e5106d22fc1c7360e6ad0c7eb
trufor_columbia_canonxt_02_sub_02,trufor,data\converted\columbia\canonxt_02_sub_02.png,Columbia,https://www.ee.columbia.edu/ln/dvmm/downloads/authsplcuncmp/,columbia_exposed_connected_scenes,0,,,tune,"TIFF/BMP to RGB PNG, identical RGB pixels",verified,83a5d25728643b114a2e01df347ed995d05837c08f0531c6381ef6889e538384
trufor_columbia_kodakdcs330_02_sub_01,trufor,data\converted\columbia\kodakdcs330_02_sub_01.png,Columbia,https://www.ee.columbia.edu/ln/dvmm/downloads/authsplcuncmp/,columbia_exposed_connected_scenes,0,,,tune,"TIFF/BMP to RGB PNG, identical RGB pixels",verified,e698f669069697a8a83b9a3ad7632c29c660d6f3db4b9d56e5b0c1d15fc700a1
trufor_columbia_nikond70_02_sub_02,trufor,data\converted\columbia\nikond70_02_sub_02.png,Columbia,https://www.ee.columbia.edu/ln/dvmm/downloads/authsplcuncmp/,columbia_exposed_connected_scenes,0,,,tune,"TIFF/BMP to RGB PNG, identical RGB pixels",verified,520e34712d7463b6224e6e00559fa41200e8105324b6677accc2ac60b35698f5
trufor_columbia_canong3_02_sub_03,trufor,data\converted\columbia\canong3_02_sub_03.png,Columbia,https://www.ee.columbia.edu/ln/dvmm/downloads/authsplcuncmp/,columbia_exposed_connected_scenes,0,,,tune,"TIFF/BMP to RGB PNG, identical RGB pixels",verified,137688c3dc4831d3a4145dcfd3c605ab255dfa86c187e5165f401c79b1cf5453
trufor_columbia_canonxt_02_sub_03,trufor,data\converted\columbia\canonxt_02_sub_03.png,Columbia,https://www.ee.columbia.edu/ln/dvmm/downloads/authsplcuncmp/,columbia_exposed_connected_scenes,0,,,tune,"TIFF/BMP to RGB PNG, identical RGB pixels",verified,38b62ef8926d9cde68144e7d6b5dc2c2380779be7474babcc070543ef782caef
trufor_columbia_kodakdcs330_03_sub_01,trufor,data\converted\columbia\kodakdcs330_03_sub_01.png,Columbia,https://www.ee.columbia.edu/ln/dvmm/downloads/authsplcuncmp/,columbia_exposed_connected_scenes,0,,,tune,"TIFF/BMP to RGB PNG, identical RGB pixels",verified,08e52874c4c0af0dc020d44cd236c788e9776a3511c52c4f367d32b75d97988b
trufor_columbia_nikond70_02_sub_03,trufor,data\converted\columbia\nikond70_02_sub_03.png,Columbia,https://www.ee.columbia.edu/ln/dvmm/downloads/authsplcuncmp/,columbia_exposed_connected_scenes,0,,,tune,"TIFF/BMP to RGB PNG, identical RGB pixels",verified,fefe8ef7584c7b02e80c32397927c40b1ba7d0c4fa26b2163915f6abf5a70875
trufor_columbia_canong3_02_sub_04,trufor,data\converted\columbia\canong3_02_sub_04.png,Columbia,https://www.ee.columbia.edu/ln/dvmm/downloads/authsplcuncmp/,columbia_exposed_connected_scenes,0,,,tune,"TIFF/BMP to RGB PNG, identical RGB pixels",verified,4b6de7f4d7329f147ddbbb6fed7a5ae9282f3e804adc3bfbe3c733fc4a2ed515
trufor_columbia_canonxt_02_sub_04,trufor,data\converted\columbia\canonxt_02_sub_04.png,Columbia,https://www.ee.columbia.edu/ln/dvmm/downloads/authsplcuncmp/,columbia_exposed_connected_scenes,0,,,tune,"TIFF/BMP to RGB PNG, identical RGB pixels",verified,c878b250945cba48bd80d1af703cace8744df549493f602b79def4e3aef6f9fc
trufor_columbia_nikond70_02_sub_04,trufor,data\converted\columbia\nikond70_02_sub_04.png,Columbia,https://www.ee.columbia.edu/ln/dvmm/downloads/authsplcuncmp/,columbia_exposed_connected_scenes,0,,,tune,"TIFF/BMP to RGB PNG, identical RGB pixels",verified,17f1ee829f3593bb431516733ad7bae1af9ca33699020a14acdb6f012c9fd984
trufor_columbia_canong3_02_sub_05,trufor,data\converted\columbia\canong3_02_sub_05.png,Columbia,https://www.ee.columbia.edu/ln/dvmm/downloads/authsplcuncmp/,columbia_exposed_connected_scenes,0,,,tune,"TIFF/BMP to RGB PNG, identical RGB pixels",verified,d699efc94ffc09ea00c5549d4176d0091d9a57595282e00d1b18b2bd19cbea4a
trufor_columbia_canonxt_02_sub_05,trufor,data\converted\columbia\canonxt_02_sub_05.png,Columbia,https://www.ee.columbia.edu/ln/dvmm/downloads/authsplcuncmp/,columbia_exposed_connected_scenes,0,,,tune,"TIFF/BMP to RGB PNG, identical RGB pixels",verified,36325c1708c845c464cd71ded4a1741e7ee56676fb84187752fb1e4cfcce1dfa
trufor_columbia_nikond70_02_sub_05,trufor,data\converted\columbia\nikond70_02_sub_05.png,Columbia,https://www.ee.columbia.edu/ln/dvmm/downloads/authsplcuncmp/,columbia_exposed_connected_scenes,0,,,tune,"TIFF/BMP to RGB PNG, identical RGB pixels",verified,482e36405976fc4027a970480516324b1e1b524c61a39b845a27ce10fa3207e5
trufor_columbia_canong3_02_sub_06,trufor,data\converted\columbia\canong3_02_sub_06.png,Columbia,https://www.ee.columbia.edu/ln/dvmm/downloads/authsplcuncmp/,columbia_exposed_connected_scenes,0,,,tune,"TIFF/BMP to RGB PNG, identical RGB pixels",verified,a6398bc1e1947fbc03143323bd93389a66d3b91587b2528a362f7da36ff0bd64
trufor_columbia_canonxt_02_sub_06,trufor,data\converted\columbia\canonxt_02_sub_06.png,Columbia,https://www.ee.columbia.edu/ln/dvmm/downloads/authsplcuncmp/,columbia_exposed_connected_scenes,0,,,tune,"TIFF/BMP to RGB PNG, identical RGB pixels",verified,f80abed13aff3c630f453815a6b76d3a2b34d2bd4c644e8b126949d9613133a5
trufor_columbia_canong3_canonxt_sub_01,trufor,data\converted\columbia\canong3_canonxt_sub_01.png,Columbia,https://www.ee.columbia.edu/ln/dvmm/downloads/authsplcuncmp/,columbia_exposed_connected_scenes,1,,data\masks\columbia\canong3_canonxt_sub_01.png,tune,"TIFF/BMP to RGB PNG, identical RGB pixels",verified,9d2ea09f805ce4d062ea4f262f601b088eb16cf1832e0bd234b9c5e4c45cf226
trufor_columbia_canong3_kodakdcs330_sub_01,trufor,data\converted\columbia\canong3_kodakdcs330_sub_01.png,Columbia,https://www.ee.columbia.edu/ln/dvmm/downloads/authsplcuncmp/,columbia_exposed_connected_scenes,1,,data\masks\columbia\canong3_kodakdcs330_sub_01.png,tune,"TIFF/BMP to RGB PNG, identical RGB pixels",verified,082bc3d7d246f08c99759929f605a1e9e7d3096dee717828e2df03d8ae21aa5b
trufor_columbia_canong3_nikond70_sub_01,trufor,data\converted\columbia\canong3_nikond70_sub_01.png,Columbia,https://www.ee.columbia.edu/ln/dvmm/downloads/authsplcuncmp/,columbia_exposed_connected_scenes,1,,data\masks\columbia\canong3_nikond70_sub_01.png,tune,"TIFF/BMP to RGB PNG, identical RGB pixels",verified,869061ca8673b2d50bb5d76ef024653de9d67d2ae7282eb66b63a09e03f0bc0d
trufor_columbia_canonxt_kodakdcs330_sub_01,trufor,data\converted\columbia\canonxt_kodakdcs330_sub_01.png,Columbia,https://www.ee.columbia.edu/ln/dvmm/downloads/authsplcuncmp/,columbia_exposed_connected_scenes,1,,data\masks\columbia\canonxt_kodakdcs330_sub_01.png,tune,"TIFF/BMP to RGB PNG, identical RGB pixels",verified,b9eb444c1acf7303c29c29c1fa37ac6052fd91a83212862fa6ffb5fabaa8e0b0
trufor_columbia_nikond70_canonxt_sub_01,trufor,data\converted\columbia\nikond70_canonxt_sub_01.png,Columbia,https://www.ee.columbia.edu/ln/dvmm/downloads/authsplcuncmp/,columbia_exposed_connected_scenes,1,,data\masks\columbia\nikond70_canonxt_sub_01.png,tune,"TIFF/BMP to RGB PNG, identical RGB pixels",verified,a2949d0ab1a1caca54bcd6b0d5b446223754db9e5057c74c59b9aca46f37c9f1
trufor_columbia_nikond70_kodakdcs330_sub_01,trufor,data\converted\columbia\nikond70_kodakdcs330_sub_01.png,Columbia,https://www.ee.columbia.edu/ln/dvmm/downloads/authsplcuncmp/,columbia_exposed_connected_scenes,1,,data\masks\columbia\nikond70_kodakdcs330_sub_01.png,tune,"TIFF/BMP to RGB PNG, identical RGB pixels",verified,ca783d5bb38e496751d157b0b7ce6c1c090c500a9fdf487fc3594420255e07d7
trufor_columbia_canong3_canonxt_sub_02,trufor,data\converted\columbia\canong3_canonxt_sub_02.png,Columbia,https://www.ee.columbia.edu/ln/dvmm/downloads/authsplcuncmp/,columbia_exposed_connected_scenes,1,,data\masks\columbia\canong3_canonxt_sub_02.png,tune,"TIFF/BMP to RGB PNG, identical RGB pixels",verified,dc54cdffb588e428750a807e64722b156a37649532fd7fb0e0d5d1273bcba609
trufor_columbia_canong3_kodakdcs330_sub_02,trufor,data\converted\columbia\canong3_kodakdcs330_sub_02.png,Columbia,https://www.ee.columbia.edu/ln/dvmm/downloads/authsplcuncmp/,columbia_exposed_connected_scenes,1,,data\masks\columbia\canong3_kodakdcs330_sub_02.png,tune,"TIFF/BMP to RGB PNG, identical RGB pixels",verified,5882c7c6317b10b63ebe96f843b418a289efe918d9c84764576ba9e26d2dd97c
trufor_columbia_canong3_nikond70_sub_02,trufor,data\converted\columbia\canong3_nikond70_sub_02.png,Columbia,https://www.ee.columbia.edu/ln/dvmm/downloads/authsplcuncmp/,columbia_exposed_connected_scenes,1,,data\masks\columbia\canong3_nikond70_sub_02.png,tune,"TIFF/BMP to RGB PNG, identical RGB pixels",verified,6ab4171401a28b5bb9bb2fd876f4bf86fe4fb5b3413617e3304d7a28e641d58f
trufor_columbia_canonxt_kodakdcs330_sub_02,trufor,data\converted\columbia\canonxt_kodakdcs330_sub_02.png,Columbia,https://www.ee.columbia.edu/ln/dvmm/downloads/authsplcuncmp/,columbia_exposed_connected_scenes,1,,data\masks\columbia\canonxt_kodakdcs330_sub_02.png,tune,"TIFF/BMP to RGB PNG, identical RGB pixels",verified,613befdd4d148ccdcda6efa19bba99c8cfdd43cc999abde6bec25c8cb66649c8
trufor_columbia_nikond70_canonxt_sub_02,trufor,data\converted\columbia\nikond70_canonxt_sub_02.png,Columbia,https://www.ee.columbia.edu/ln/dvmm/downloads/authsplcuncmp/,columbia_exposed_connected_scenes,1,,data\masks\columbia\nikond70_canonxt_sub_02.png,tune,"TIFF/BMP to RGB PNG, identical RGB pixels",verified,8ba0fcb606613282baee1a00961402e790bc1ac40bbfe1a5b6304907ea4ab461
trufor_columbia_nikond70_kodakdcs330_sub_02,trufor,data\converted\columbia\nikond70_kodakdcs330_sub_02.png,Columbia,https://www.ee.columbia.edu/ln/dvmm/downloads/authsplcuncmp/,columbia_exposed_connected_scenes,1,,data\masks\columbia\nikond70_kodakdcs330_sub_02.png,tune,"TIFF/BMP to RGB PNG, identical RGB pixels",verified,fe05c68cb6ccf8cc52af071d71da8f7868e05c960df8dcf14c5065e8597e1222
trufor_columbia_canong3_canonxt_sub_03,trufor,data\converted\columbia\canong3_canonxt_sub_03.png,Columbia,https://www.ee.columbia.edu/ln/dvmm/downloads/authsplcuncmp/,columbia_exposed_connected_scenes,1,,data\masks\columbia\canong3_canonxt_sub_03.png,tune,"TIFF/BMP to RGB PNG, identical RGB pixels",verified,95a3e1b4691b65b2c7e3d922fa66b42b86061f18c7803cbb85b59bfc363cbf4f
trufor_columbia_canong3_kodakdcs330_sub_03,trufor,data\converted\columbia\canong3_kodakdcs330_sub_03.png,Columbia,https://www.ee.columbia.edu/ln/dvmm/downloads/authsplcuncmp/,columbia_exposed_connected_scenes,1,,data\masks\columbia\canong3_kodakdcs330_sub_03.png,tune,"TIFF/BMP to RGB PNG, identical RGB pixels",verified,d98617bae770520fd2a78cc62caf600cfc848fefeb56b0e99f00af1a1cbbac80
trufor_columbia_canong3_nikond70_sub_03,trufor,data\converted\columbia\canong3_nikond70_sub_03.png,Columbia,https://www.ee.columbia.edu/ln/dvmm/downloads/authsplcuncmp/,columbia_exposed_connected_scenes,1,,data\masks\columbia\canong3_nikond70_sub_03.png,tune,"TIFF/BMP to RGB PNG, identical RGB pixels",verified,dcaf20ab5cb61eb3320560c237036fa63b73eefa2eb64bbeece7b6ad7ff0ca7c
trufor_columbia_canonxt_kodakdcs330_sub_03,trufor,data\converted\columbia\canonxt_kodakdcs330_sub_03.png,Columbia,https://www.ee.columbia.edu/ln/dvmm/downloads/authsplcuncmp/,columbia_exposed_connected_scenes,1,,data\masks\columbia\canonxt_kodakdcs330_sub_03.png,tune,"TIFF/BMP to RGB PNG, identical RGB pixels",verified,a4bf8c822027e2f79a2fb8b178f4087e0dda574903ae06241713ac3053effbf3
trufor_columbia_nikond70_canonxt_sub_03,trufor,data\converted\columbia\nikond70_canonxt_sub_03.png,Columbia,https://www.ee.columbia.edu/ln/dvmm/downloads/authsplcuncmp/,columbia_exposed_connected_scenes,1,,data\masks\columbia\nikond70_canonxt_sub_03.png,tune,"TIFF/BMP to RGB PNG, identical RGB pixels",verified,c82f56bcb06e156001115c74f85b97c979648bd6f72dfdb9dd832e8f66825abc
trufor_columbia_nikond70_kodakdcs330_sub_03,trufor,data\converted\columbia\nikond70_kodakdcs330_sub_03.png,Columbia,https://www.ee.columbia.edu/ln/dvmm/downloads/authsplcuncmp/,columbia_exposed_connected_scenes,1,,data\masks\columbia\nikond70_kodakdcs330_sub_03.png,tune,"TIFF/BMP to RGB PNG, identical RGB pixels",verified,2306124ae2a3aa135388352bb015cf26d3a16d4f556998c00ef9715e7b24fccd
trufor_columbia_canong3_canonxt_sub_04,trufor,data\converted\columbia\canong3_canonxt_sub_04.png,Columbia,https://www.ee.columbia.edu/ln/dvmm/downloads/authsplcuncmp/,columbia_exposed_connected_scenes,1,,data\masks\columbia\canong3_canonxt_sub_04.png,tune,"TIFF/BMP to RGB PNG, identical RGB pixels",verified,6e413642ca27403f7706e66e1999602ffe7cad022fb3a48324ad2a59e701c579
trufor_columbia_canong3_kodakdcs330_sub_04,trufor,data\converted\columbia\canong3_kodakdcs330_sub_04.png,Columbia,https://www.ee.columbia.edu/ln/dvmm/downloads/authsplcuncmp/,columbia_exposed_connected_scenes,1,,data\masks\columbia\canong3_kodakdcs330_sub_04.png,tune,"TIFF/BMP to RGB PNG, identical RGB pixels",verified,4212e7baefb222737829cf858d02254f2f0357777acbac805bc59df94e862f47
trufor_coverage_1,trufor,data\converted\coverage\1.png,COVERAGE-2017-corrected,https://github.com/wenbihan/coverage,coverage_pair_1,0,,,final,"official TIFF to RGB PNG, identical RGB pixels",verified,356ca82f67176fb906e737477f10189f0dfc7a1c2050b3536a06cc96aeff9000
trufor_coverage_1t,trufor,data\converted\coverage\1t.png,COVERAGE-2017-corrected,https://github.com/wenbihan/coverage,coverage_pair_1,1,,data\coverage\COVERAGE\mask\1forged.tif,final,"official TIFF to RGB PNG, identical RGB pixels",verified,e59e947d4ee72ff5501b6e12eb0946cc10bb63146fa062c174fb5e80a33795ca
trufor_coverage_10,trufor,data\converted\coverage\10.png,COVERAGE-2017-corrected,https://github.com/wenbihan/coverage,coverage_pair_10,0,,,final,"official TIFF to RGB PNG, identical RGB pixels",verified,b747a4bb219260fbabe69b980d2233cafb0c0da84071c987b963e478946f0661
trufor_coverage_10t,trufor,data\converted\coverage\10t.png,COVERAGE-2017-corrected,https://github.com/wenbihan/coverage,coverage_pair_10,1,,data\coverage\COVERAGE\mask\10forged.tif,final,"official TIFF to RGB PNG, identical RGB pixels",verified,e59546fc5ae7918630c07c437ba099ad42f8c6cd1ec5ef71aada264dd00b3434
trufor_coverage_18,trufor,data\converted\coverage\18.png,COVERAGE-2017-corrected,https://github.com/wenbihan/coverage,coverage_pair_18,0,,,final,"official TIFF to RGB PNG, identical RGB pixels",verified,db4802496764971875cd6dc2fb4f6be19e270be8577c783e8e3d8d331ce7a324
trufor_coverage_18t,trufor,data\converted\coverage\18t.png,COVERAGE-2017-corrected,https://github.com/wenbihan/coverage,coverage_pair_18,1,,data\coverage\COVERAGE\mask\18forged.tif,final,"official TIFF to RGB PNG, identical RGB pixels",verified,ceec08380a7bbd92d94799d2dbcaedd2ba12fefa1cbad1739aa1e9072fef4953
trufor_coverage_15,trufor,data\converted\coverage\15.png,COVERAGE-2017-corrected,https://github.com/wenbihan/coverage,coverage_pair_15,0,,,final,"official TIFF to RGB PNG, identical RGB pixels",verified,7c80eba350f692c09b391b9c41c11ebcc1b415c6c46d0948dd5d34ff3303bb43
trufor_coverage_15t,trufor,data\converted\coverage\15t.png,COVERAGE-2017-corrected,https://github.com/wenbihan/coverage,coverage_pair_15,1,,data\coverage\COVERAGE\mask\15forged.tif,final,"official TIFF to RGB PNG, identical RGB pixels",verified,b3d097c423e16a2e4e5d9c45fd597411de518ce1fce64d38bb8dbf0a36468bc4
trufor_coverage_4,trufor,data\converted\coverage\4.png,COVERAGE-2017-corrected,https://github.com/wenbihan/coverage,coverage_pair_4,0,,,final,"official TIFF to RGB PNG, identical RGB pixels",verified,01e272f82f57425ee8bce8abfafe04af4a46f83e6f33bda0ecbde5e17db168fc
trufor_coverage_4t,trufor,data\converted\coverage\4t.png,COVERAGE-2017-corrected,https://github.com/wenbihan/coverage,coverage_pair_4,1,,data\coverage\COVERAGE\mask\4forged.tif,final,"official TIFF to RGB PNG, identical RGB pixels",verified,7d5276fb4b1f979c3fba1a226e3c5518e964681ccb909be51a5130c55e67427a
trufor_coverage_2,trufor,data\converted\coverage\2.png,COVERAGE-2017-corrected,https://github.com/wenbihan/coverage,coverage_pair_2,0,,,final,"official TIFF to RGB PNG, identical RGB pixels",verified,c2c1f90b757a1ab98a7e65f70a00ec895637e8e093c80c0a71d15af680832243
trufor_coverage_2t,trufor,data\converted\coverage\2t.png,COVERAGE-2017-corrected,https://github.com/wenbihan/coverage,coverage_pair_2,1,,data\coverage\COVERAGE\mask\2forged.tif,final,"official TIFF to RGB PNG, identical RGB pixels",verified,a1bc57a1c47ecf85478a8d8629fb0d89f26d2fff327477a490ac52725b909b4e
trufor_coverage_8,trufor,data\converted\coverage\8.png,COVERAGE-2017-corrected,https://github.com/wenbihan/coverage,coverage_pair_8,0,,,final,"official TIFF to RGB PNG, identical RGB pixels",verified,ee17c3bddc83f02f67ac92436c9b9e01027e2c356aa6d61794c2c567aae7317e
trufor_coverage_8t,trufor,data\converted\coverage\8t.png,COVERAGE-2017-corrected,https://github.com/wenbihan/coverage,coverage_pair_8,1,,data\coverage\COVERAGE\mask\8forged.tif,final,"official TIFF to RGB PNG, identical RGB pixels",verified,8ea6c83f00ba807215f1b83ec2450560a7a7cc030d8d6488be9240b44d970235
trufor_coverage_34,trufor,data\converted\coverage\34.png,COVERAGE-2017-corrected,https://github.com/wenbihan/coverage,coverage_pair_34,0,,,final,"official TIFF to RGB PNG, identical RGB pixels",verified,ba2a02fdaf452d69a5f008a0e982fa451eb73cd2839c03e133d7b771c0a15e9f
trufor_coverage_34t,trufor,data\converted\coverage\34t.png,COVERAGE-2017-corrected,https://github.com/wenbihan/coverage,coverage_pair_34,1,,data\coverage\COVERAGE\mask\34forged.tif,final,"official TIFF to RGB PNG, identical RGB pixels",verified,02f94808d5a764e9bff7c762546b4c35c4d160c84d74398f97bccb66fdbc40f5
trufor_coverage_19,trufor,data\converted\coverage\19.png,COVERAGE-2017-corrected,https://github.com/wenbihan/coverage,coverage_pair_19,0,,,final,"official TIFF to RGB PNG, identical RGB pixels",verified,0ca68ee5fdcb0f03bc3c22f568e7b5740536d6716c7df4be4250816c469ad60b
trufor_coverage_19t,trufor,data\converted\coverage\19t.png,COVERAGE-2017-corrected,https://github.com/wenbihan/coverage,coverage_pair_19,1,,data\coverage\COVERAGE\mask\19forged.tif,final,"official TIFF to RGB PNG, identical RGB pixels",verified,92ae9220ba283c70c1ef09e8710c81c0e0e57c3f4ccd3e81203cd8a1bf5b9a5a
trufor_coverage_31,trufor,data\converted\coverage\31.png,COVERAGE-2017-corrected,https://github.com/wenbihan/coverage,coverage_pair_31,0,,,final,"official TIFF to RGB PNG, identical RGB pixels",verified,401a8cd3c5c89e8f68133d2afbee5972dcbfc0c5ef184c85e80c076e71bf4327
trufor_coverage_31t,trufor,data\converted\coverage\31t.png,COVERAGE-2017-corrected,https://github.com/wenbihan/coverage,coverage_pair_31,1,,data\coverage\COVERAGE\mask\31forged.tif,final,"official TIFF to RGB PNG, identical RGB pixels",verified,1e33293126a39c60059969f53414e5934354aad563325f436d5adc9ce324b149
trufor_coverage_17,trufor,data\converted\coverage\17.png,COVERAGE-2017-corrected,https://github.com/wenbihan/coverage,coverage_pair_17,0,,,final,"official TIFF to RGB PNG, identical RGB pixels",verified,33df51672780398104861e4e44d8530362ca755601b8bb52fc4b0a8a6ebf3af7
trufor_coverage_17t,trufor,data\converted\coverage\17t.png,COVERAGE-2017-corrected,https://github.com/wenbihan/coverage,coverage_pair_17,1,,data\coverage\COVERAGE\mask\17forged.tif,final,"official TIFF to RGB PNG, identical RGB pixels",verified,55a0254f194676e725982404b71d6ae57cd3227c043bd26325cfcbe12d3827f8
trufor_coverage_3,trufor,data\converted\coverage\3.png,COVERAGE-2017-corrected,https://github.com/wenbihan/coverage,coverage_pair_3,0,,,final,"official TIFF to RGB PNG, identical RGB pixels",verified,9388ad5508831aadb3c19de1737529b54806d3dbc927f37e1298f3da3678eec9
trufor_coverage_3t,trufor,data\converted\coverage\3t.png,COVERAGE-2017-corrected,https://github.com/wenbihan/coverage,coverage_pair_3,1,,data\coverage\COVERAGE\mask\3forged.tif,final,"official TIFF to RGB PNG, identical RGB pixels",verified,e0735904e147a9ff798768b0ba50b2d012b89c6ade25da66a8c84ce2f35ae7a8
trufor_coverage_11,trufor,data\converted\coverage\11.png,COVERAGE-2017-corrected,https://github.com/wenbihan/coverage,coverage_pair_11,0,,,final,"official TIFF to RGB PNG, identical RGB pixels",verified,358908bbd885c6bf71f0f75db914016a8fb0217e9a2dea73b00e515f22e2b85e
trufor_coverage_11t,trufor,data\converted\coverage\11t.png,COVERAGE-2017-corrected,https://github.com/wenbihan/coverage,coverage_pair_11,1,,data\coverage\COVERAGE\mask\11forged.tif,final,"official TIFF to RGB PNG, identical RGB pixels",verified,9face95b8d4cad759c4d16e1dc725638e9328019b758b1e81ec1128b296ad257
trufor_coverage_37,trufor,data\converted\coverage\37.png,COVERAGE-2017-corrected,https://github.com/wenbihan/coverage,coverage_pair_37,0,,,final,"official TIFF to RGB PNG, identical RGB pixels",verified,ee6b0d1489b72da36ef2e336ba96c86810cbe9cb0bb66ba31747127b740f1b5b
trufor_coverage_37t,trufor,data\converted\coverage\37t.png,COVERAGE-2017-corrected,https://github.com/wenbihan/coverage,coverage_pair_37,1,,data\coverage\COVERAGE\mask\37forged.tif,final,"official TIFF to RGB PNG, identical RGB pixels",verified,2da931826885542da16ff528dfec39baae10ed57bb2fb225e4cf801d08bb0c72
trufor_coverage_21,trufor,data\converted\coverage\21.png,COVERAGE-2017-corrected,https://github.com/wenbihan/coverage,coverage_pair_21,0,,,final,"official TIFF to RGB PNG, identical RGB pixels",verified,978f5f2c7bab106ae43e120f2830ccc76b3ea1b44d5b39279f8fc9718202a469
trufor_coverage_21t,trufor,data\converted\coverage\21t.png,COVERAGE-2017-corrected,https://github.com/wenbihan/coverage,coverage_pair_21,1,,data\coverage\COVERAGE\mask\21forged.tif,final,"official TIFF to RGB PNG, identical RGB pixels",verified,7b146d4b2358b398aefa6a58824379637219fff925b973f5dbeaa2b9f8c1fcf3
trufor_coverage_52,trufor,data\converted\coverage\52.png,COVERAGE-2017-corrected,https://github.com/wenbihan/coverage,coverage_pair_52,0,,,final,"official TIFF to RGB PNG, identical RGB pixels",verified,e777ed9f4266e7e6ae6e34f630dd4c9f56ffb72063849c006f02e3ffc632dd62
trufor_coverage_52t,trufor,data\converted\coverage\52t.png,COVERAGE-2017-corrected,https://github.com/wenbihan/coverage,coverage_pair_52,1,,data\coverage\COVERAGE\mask\52forged.tif,final,"official TIFF to RGB PNG, identical RGB pixels",verified,b61952741536bab55eb3ab08c6a8eb2c627fb9a69408eeb5efefbcf7fcf91912
trufor_coverage_26,trufor,data\converted\coverage\26.png,COVERAGE-2017-corrected,https://github.com/wenbihan/coverage,coverage_pair_26,0,,,final,"official TIFF to RGB PNG, identical RGB pixels",verified,45fd803e67c7159a3430867923d7c5e49c093c141d2a102aeeab447d1428dc70
trufor_coverage_26t,trufor,data\converted\coverage\26t.png,COVERAGE-2017-corrected,https://github.com/wenbihan/coverage,coverage_pair_26,1,,data\coverage\COVERAGE\mask\26forged.tif,final,"official TIFF to RGB PNG, identical RGB pixels",verified,d1371b15fb850b2af3aa59198b5072b74c939c0fb899f563b14fee1954a8cb68
trufor_coverage_5,trufor,data\converted\coverage\5.png,COVERAGE-2017-corrected,https://github.com/wenbihan/coverage,coverage_pair_5,0,,,final,"official TIFF to RGB PNG, identical RGB pixels",verified,e1c72b5fab5c2f3f02a642a0f7488187f1e609a5829ba33b7a74dff7dea1ff25
trufor_coverage_5t,trufor,data\converted\coverage\5t.png,COVERAGE-2017-corrected,https://github.com/wenbihan/coverage,coverage_pair_5,1,,data\coverage\COVERAGE\mask\5forged.tif,final,"official TIFF to RGB PNG, identical RGB pixels",verified,4604262bae855218c32e99ace0f0892aa6591b2050c85b913b5b5be1076fdebf
trufor_coverage_40,trufor,data\converted\coverage\40.png,COVERAGE-2017-corrected,https://github.com/wenbihan/coverage,coverage_pair_40,0,,,final,"official TIFF to RGB PNG, identical RGB pixels",verified,186c0cab7a972e545b3df3a0b85aa7b80c599390401e0af572e74337a3d31507
trufor_coverage_40t,trufor,data\converted\coverage\40t.png,COVERAGE-2017-corrected,https://github.com/wenbihan/coverage,coverage_pair_40,1,,data\coverage\COVERAGE\mask\40forged.tif,final,"official TIFF to RGB PNG, identical RGB pixels",verified,fa5fff7b4830050cd5b2e304b8681fb0bf23686ab5b78185e3a6e69d89026f59
trufor_coverage_42,trufor,data\converted\coverage\42.png,COVERAGE-2017-corrected,https://github.com/wenbihan/coverage,coverage_pair_42,0,,,final,"official TIFF to RGB PNG, identical RGB pixels",verified,2eaaa3e79e1e5fcdd96c7afd90176c389b8a867001596145cd1471fdfe86dd83
trufor_coverage_42t,trufor,data\converted\coverage\42t.png,COVERAGE-2017-corrected,https://github.com/wenbihan/coverage,coverage_pair_42,1,,data\coverage\COVERAGE\mask\42forged.tif,final,"official TIFF to RGB PNG, identical RGB pixels",verified,28419cdfe39ed3567d716359df21f5c9f1e7053b48510b77ce37edc0ae4d416c
